room_id,room_name,status,prop_id,prop_key,is_multi_unit,created_at,deleted_at,updated_at
374185,Deluxe Double Room,1,,0,,2023-01-21 02:16,2023-01-21 02:23,2023-01-21 02:23
376928,HM Villa Â· Teak Wood Villa with Carving and Art Gallery,1,,0,,2023-01-21 02:16,2023-01-21 02:23,2023-01-21 02:23
378260,Downstairs Room 2A,1,173284,735b326c9d9a4d6a9f1ea51e9cfa5a29-PR0294,0,2023-01-21 02:16,,2023-08-15 03:52
378261,Entire,1,173285,735b326c9d9a4d6a9f1ea51e9cfa5a29-PR0055,0,2023-01-21 02:16,2023-09-26 06:10,2023-09-26 06:10
378263,Griya Anggrek,1,,735b326c9d9a4d6a9f1ea51e9cfa5a29-PR0340,1,2023-01-21 02:16,2023-05-04 07:40,2023-05-04 07:40
378264,Panembahan - Double,1,,735b326c9d9a4d6a9f1ea51e9cfa5a29-PR0293,0,2023-01-21 02:16,2023-02-04 05:59,2023-02-04 05:59
378266,Upstairs Room 3B,1,173284,735b326c9d9a4d6a9f1ea51e9cfa5a29-PR0294,0,2023-01-21 02:16,,2023-08-15 03:52
378267,Upstairs Room 3A,1,173284,735b326c9d9a4d6a9f1ea51e9cfa5a29-PR0294,0,2023-01-21 02:16,,2023-08-15 03:52
378268,Downstairs Room 2B,1,173284,735b326c9d9a4d6a9f1ea51e9cfa5a29-PR0294,0,2023-01-21 02:16,,2023-08-15 03:52
378269,Upstairs Room 2BR,1,173284,735b326c9d9a4d6a9f1ea51e9cfa5a29-PR0294,1,2023-01-21 02:16,,2023-08-15 03:49
381223,Apartment Merapi View,1,174768,735b326c9d9a4d6a9f1ea51e9cfa5a29-PR0395,0,2023-01-21 02:16,2023-08-30 03:45,2023-08-30 03:45
381225,Apartment City View,1,174768,735b326c9d9a4d6a9f1ea51e9cfa5a29-PR0395,0,2023-01-21 02:16,2023-08-30 03:45,2023-08-30 03:45
381226,Apartment,1,174770,735b326c9d9a4d6a9f1ea51e9cfa5a29-PR0731,0,2023-01-21 02:16,,2023-08-15 03:52
381227,Single,1,174771,735b326c9d9a4d6a9f1ea51e9cfa5a29-PR0340,0,2023-01-21 02:16,2023-09-29 03:29,2023-09-29 03:29
381228,Entire,1,174772,735b326c9d9a4d6a9f1ea51e9cfa5a29-PR0370,0,2023-01-21 02:16,,2023-08-15 03:52
381229,2nd & 3rd Floor 4 BR,1,,735b326c9d9a4d6a9f1ea51e9cfa5a29-PR0294-1,1,2023-01-21 02:16,2023-07-28 09:10,2023-07-28 09:10
381230,Entire,1,174774,735b326c9d9a4d6a9f1ea51e9cfa5a29-PR0293,0,2023-01-21 02:16,2023-08-24 14:33,2023-08-24 14:33
381235,Test Room,1,,0,,2023-01-21 02:16,2023-01-21 02:23,2023-01-21 02:23
381595,Griya Anggrek - Room 1 (VR),1,,1,,2023-01-21 02:16,2023-01-21 02:23,2023-01-21 02:23
381596,Griya Anggrek - Room 2 (VR),1,,1,,2023-01-21 02:16,2023-01-21 02:23,2023-01-21 02:23
381597,Griya Anggrek - Room 3 (VR),1,,1,,2023-01-21 02:16,2023-01-21 02:23,2023-01-21 02:23
387364,Entire,1,178389,735b326c9d9a4d6a9f1ea51e9cfa5a29-PR0387,0,2023-01-21 02:16,2023-11-08 07:05,2023-11-08 07:05
387365,Entire,1,178390,735b326c9d9a4d6a9f1ea51e9cfa5a29-PR0707,0,2023-01-21 02:16,2023-11-08 07:05,2023-11-08 07:05
387366,Entire,1,178391,735b326c9d9a4d6a9f1ea51e9cfa5a29-PR0355,0,2023-01-21 02:16,2023-11-08 07:05,2023-11-08 07:05
387367,Entire,1,178392,735b326c9d9a4d6a9f1ea51e9cfa5a29-PR0708,0,2023-01-21 02:16,2023-09-29 03:29,2023-09-29 03:29
387368,Entire,1,178393,735b326c9d9a4d6a9f1ea51e9cfa5a29-PR0734,0,2023-01-21 02:16,2023-08-30 03:45,2023-08-30 03:45
387369,Entire,1,178394,735b326c9d9a4d6a9f1ea51e9cfa5a29-PR0720,0,2023-01-21 02:16,,2023-08-15 03:52
387370,Entire,1,178395,735b326c9d9a4d6a9f1ea51e9cfa5a29-PR0697,0,2023-01-21 02:16,,2023-08-15 03:52
387372,Entire,1,178397,735b326c9d9a4d6a9f1ea51e9cfa5a29-PR0755,0,2023-01-21 02:16,2023-11-08 07:05,2023-11-08 07:05
387373,Entire,1,178398,735b326c9d9a4d6a9f1ea51e9cfa5a29-PR0704,0,2023-01-21 02:16,,2023-08-15 03:52
387374,Entire,1,178399,735b326c9d9a4d6a9f1ea51e9cfa5a29-PR0758,0,2023-01-21 02:16,2023-08-22 08:08,2023-08-22 08:08
387375,Entire,1,178400,735b326c9d9a4d6a9f1ea51e9cfa5a29-PR0616,0,2023-01-21 02:16,2023-11-08 07:05,2023-11-08 07:05
387376,Entire,1,178401,735b326c9d9a4d6a9f1ea51e9cfa5a29-PR0051,0,2023-01-21 02:16,2023-11-08 07:05,2023-11-08 07:05
391675,Sofa,1,180478,735b326c9d9a4d6a9f1ea51e9cfa5a29-PR0684,0,2023-01-21 02:41,2023-09-02 04:53,2023-09-02 04:53
391676,Bungalow,1,,735b326c9d9a4d6a9f1ea51e9cfa5a29-PR0447,0,2023-01-21 02:41,2023-05-04 04:56,2023-05-04 04:56
391678,Double,1,180481,735b326c9d9a4d6a9f1ea51e9cfa5a29-PR0762,0,2023-01-21 02:41,2023-10-08 07:47,2023-10-08 07:47
391679,Twin,1,180481,735b326c9d9a4d6a9f1ea51e9cfa5a29-PR0762,0,2023-01-21 02:41,2023-10-08 07:47,2023-10-08 07:47
391680,Room,1,180482,735b326c9d9a4d6a9f1ea51e9cfa5a29-PR0366,0,2023-01-21 02:41,,2023-08-15 03:52
391681,Room 4BR,1,,735b326c9d9a4d6a9f1ea51e9cfa5a29-PR0630,1,2023-01-21 02:41,2023-08-04 09:14,2023-08-04 09:14
391682,Entire,1,180484,735b326c9d9a4d6a9f1ea51e9cfa5a29-PR0603,1,2023-01-21 02:41,,2023-08-15 03:52
391683,Cottage,1,180485,735b326c9d9a4d6a9f1ea51e9cfa5a29-PR0728,0,2023-01-21 02:41,,2023-08-15 03:52
391684,Ocean View,1,180486,735b326c9d9a4d6a9f1ea51e9cfa5a29-PR0554,0,2023-01-21 02:41,,2023-08-15 03:52
391698,Family,1,,735b326c9d9a4d6a9f1ea51e9cfa5a29-PR0383,0,2023-01-21 02:41,2023-06-03 05:12,2023-06-03 05:12
391876,"Sindhu Mesari - 1,2,3,5",1,180553,735b326c9d9a4d6a9f1ea51e9cfa5a29-PR0515,0,2023-01-21 02:41,2023-08-30 03:45,2023-08-30 03:45
391880,Standard,1,180478,735b326c9d9a4d6a9f1ea51e9cfa5a29-PR0684,0,2023-01-21 02:41,2023-09-02 04:53,2023-09-02 04:53
392608,Entire,1,180863,735b326c9d9a4d6a9f1ea51e9cfa5a29-PR0766,0,2023-01-21 02:41,2023-09-29 03:29,2023-09-29 03:29
393184,Entire,1,,735b326c9d9a4d6a9f1ea51e9cfa5a29-PR0684-1,0,2023-01-21 02:41,2023-05-04 08:19,2023-05-04 08:19
393185,Room,1,181083,735b326c9d9a4d6a9f1ea51e9cfa5a29-PR0515-1,0,2023-01-21 02:41,2023-08-30 03:45,2023-08-30 03:45
393186,Studio,1,181084,735b326c9d9a4d6a9f1ea51e9cfa5a29-PR0383,0,2023-01-21 02:41,2024-02-11 09:56,2024-02-11 09:56
393187,Bungalow 3BR,1,181085,735b326c9d9a4d6a9f1ea51e9cfa5a29-PR0447,1,2023-01-21 02:41,2023-11-08 07:05,2023-11-08 07:05
393188,Kinton - 5BR,1,,735b326c9d9a4d6a9f1ea51e9cfa5a29-PR0366-1,1,2023-01-21 02:41,2023-07-22 07:48,2023-07-22 07:48
393189,Family,1,181087,735b326c9d9a4d6a9f1ea51e9cfa5a29-PR0630,0,2023-01-21 02:41,,2023-08-15 03:52
393191,Room,1,181087,735b326c9d9a4d6a9f1ea51e9cfa5a29-PR0630,0,2023-01-21 02:41,,2023-08-15 03:52
393192,Room 5BR,1,,735b326c9d9a4d6a9f1ea51e9cfa5a29-PR0554-1,1,2023-01-21 02:41,2023-05-04 08:58,2023-05-04 08:58
393193,Room,1,181090,735b326c9d9a4d6a9f1ea51e9cfa5a29-PR0398,0,2023-01-21 02:41,,2023-08-15 03:52
393194,Bungalow (Allocation),1,181091,735b326c9d9a4d6a9f1ea51e9cfa5a29-PR0427,0,2023-01-21 02:41,,2023-08-15 03:52
393195,Room,1,181092,735b326c9d9a4d6a9f1ea51e9cfa5a29-PR0419,0,2023-01-21 02:41,2023-11-08 07:05,2023-11-08 07:05
393196,Bungalow,1,181093,735b326c9d9a4d6a9f1ea51e9cfa5a29-PR0400,0,2023-01-21 02:41,2024-01-24 03:33,2024-01-24 03:33
393197,Entire,1,181094,735b326c9d9a4d6a9f1ea51e9cfa5a29-PR0553,0,2023-01-21 02:41,,2023-08-15 03:52
393198,Bungalow Double,1,181095,735b326c9d9a4d6a9f1ea51e9cfa5a29-PR0345,0,2023-01-21 02:41,2024-01-06 04:00,2024-01-06 04:00
393201,Bungalow Twin,1,181095,735b326c9d9a4d6a9f1ea51e9cfa5a29-PR0345,0,2023-01-21 02:41,2024-01-06 04:00,2024-01-06 04:00
393202,Bungalow 4BR,1,181095,735b326c9d9a4d6a9f1ea51e9cfa5a29-PR0345,1,2023-01-21 02:41,2024-01-06 04:00,2024-01-06 04:00
393203,Standard Double,1,181095,735b326c9d9a4d6a9f1ea51e9cfa5a29-PR0345,0,2023-01-21 02:41,2024-01-06 04:00,2024-01-06 04:00
393204,Standard Twin,1,181095,735b326c9d9a4d6a9f1ea51e9cfa5a29-PR0345,0,2023-01-21 02:41,2024-01-06 04:00,2024-01-06 04:00
393205,Bungalow 2BR,1,181095,735b326c9d9a4d6a9f1ea51e9cfa5a29-PR0345,1,2023-01-21 02:41,2024-01-06 04:00,2024-01-06 04:00
393206,3BR Bungalow Double,1,181095,735b326c9d9a4d6a9f1ea51e9cfa5a29-PR0345,1,2023-01-21 02:41,2024-01-06 04:00,2024-01-06 04:00
393207,Standard Double,1,181098,735b326c9d9a4d6a9f1ea51e9cfa5a29-PR0371,0,2023-01-21 02:41,,2023-08-15 03:52
393208,Entire,1,181098,735b326c9d9a4d6a9f1ea51e9cfa5a29-PR0371,1,2023-01-21 02:41,,2023-08-15 03:52
393209,Superior Double,1,181098,735b326c9d9a4d6a9f1ea51e9cfa5a29-PR0371,0,2023-01-21 02:41,,2023-08-15 03:52
393264,Standard Twin,1,,735b326c9d9a4d6a9f1ea51e9cfa5a29-PR0371,0,2023-01-21 02:41,2023-04-19 16:13,2023-04-19 16:13
393265,Superior Twin,1,,735b326c9d9a4d6a9f1ea51e9cfa5a29-PR0371,0,2023-01-21 02:41,2023-04-19 16:13,2023-04-19 16:13
394907,Entire,1,182063,735b326c9d9a4d6a9f1ea51e9cfa5a29-PR0666,0,2023-01-28 08:54,2024-01-22 02:48,2024-01-22 02:48
394908,Standard,1,182064,735b326c9d9a4d6a9f1ea51e9cfa5a29-PR0120,0,2023-01-28 08:54,,2023-08-15 03:52
394909,Apartment 2 Lantai 2,1,,735b326c9d9a4d6a9f1ea51e9cfa5a29-PR0120,0,2023-01-28 08:54,2023-02-04 05:59,2023-02-04 05:59
394910,Glamping,1,182065,735b326c9d9a4d6a9f1ea51e9cfa5a29-PR0722,0,2023-01-28 08:54,,2023-08-15 03:52
394911,Cabin,1,182065,735b326c9d9a4d6a9f1ea51e9cfa5a29-PR0722,0,2023-01-28 08:54,,2023-08-15 03:52
394912,Glamping Entire,1,182065,735b326c9d9a4d6a9f1ea51e9cfa5a29-PR0722,1,2023-01-28 08:54,,2023-12-18 03:00
394913,Downstairs (Hot Water),1,182066,735b326c9d9a4d6a9f1ea51e9cfa5a29-PR0282,0,2023-01-28 08:54,,2023-08-15 03:52
394914,Upstairs (Hot Water),1,182066,735b326c9d9a4d6a9f1ea51e9cfa5a29-PR0282,0,2023-01-28 08:54,,2023-08-15 03:52
394915,4BR Downstairs Hot Water,1,182066,735b326c9d9a4d6a9f1ea51e9cfa5a29-PR0282,1,2023-01-28 08:54,,2023-08-15 03:52
394916,The Bingin Green View,1,182067,735b326c9d9a4d6a9f1ea51e9cfa5a29-PR0694,0,2023-01-28 08:54,,2023-08-15 03:52
395240,Entire,1,181087,735b326c9d9a4d6a9f1ea51e9cfa5a29-PR0630,1,2023-01-28 08:54,,2023-08-15 03:52
395715,3BR,1,181090,735b326c9d9a4d6a9f1ea51e9cfa5a29-PR0398,1,2023-02-01 10:07,,2023-08-15 03:52
395971,Bingin Ombak Apartment - 1 Lantai 1,1,,735b326c9d9a4d6a9f1ea51e9cfa5a29-PR0120-1,0,2023-02-01 10:08,2023-07-07 02:46,2023-07-07 02:46
395983,Standard,1,182576,735b326c9d9a4d6a9f1ea51e9cfa5a29-PR0518,0,2023-02-01 10:08,,2023-08-15 03:52
395986,3BR Deluxe Double (Block on Tokeet),1,,735b326c9d9a4d6a9f1ea51e9cfa5a29-PR0245,1,2023-02-01 10:08,2023-02-04 05:59,2023-02-04 05:59
395987,Standard Double,1,,735b326c9d9a4d6a9f1ea51e9cfa5a29-PR0245,0,2023-02-01 10:08,2023-02-12 04:30,2023-02-12 04:30
395988,Double,1,,735b326c9d9a4d6a9f1ea51e9cfa5a29-PR0254,0,2023-02-01 10:08,2023-02-15 08:33,2023-02-15 08:33
395989,Villa Arindra,1,182586,735b326c9d9a4d6a9f1ea51e9cfa5a29-PR0112,0,2023-02-01 10:08,,2023-08-15 03:52
395990,Entire,1,182587,735b326c9d9a4d6a9f1ea51e9cfa5a29-PR0432,0,2023-02-01 10:08,,2023-08-15 03:52
395992,Room,1,182582,735b326c9d9a4d6a9f1ea51e9cfa5a29-PR0502,0,2023-02-01 10:08,,2023-08-15 03:52
396232,Puri Kelapa 3BR Deluxe Double,1,,735b326c9d9a4d6a9f1ea51e9cfa5a29-PR0245,1,2023-02-04 03:57,2023-06-22 10:28,2023-06-22 10:28
396422,Beach House 55,1,182754,735b326c9d9a4d6a9f1ea51e9cfa5a29-PR0689,0,2023-02-04 03:57,,2023-08-15 03:52
396423,Villa Blumaya,1,182755,735b326c9d9a4d6a9f1ea51e9cfa5a29-PR0557,0,2023-02-04 03:57,,2023-08-15 03:52
396427,Standard (PLEASE IGNORE),1,,735b326c9d9a4d6a9f1ea51e9cfa5a29-PR0120-2,0,2023-02-04 03:57,2023-02-04 05:59,2023-02-04 05:59
396428,6BR,1,,735b326c9d9a4d6a9f1ea51e9cfa5a29-PR0314,1,2023-02-04 03:57,2023-07-22 14:36,2023-07-22 14:36
396429,De Kutuh Villa 3BR Villa,1,182760,735b326c9d9a4d6a9f1ea51e9cfa5a29-PR0276,0,2023-02-04 03:57,2023-09-12 04:02,2023-09-12 04:02
396430,De Kutuh Villa 4BR Villa,1,182760,735b326c9d9a4d6a9f1ea51e9cfa5a29-PR0276,0,2023-02-04 03:57,2023-09-12 04:02,2023-09-12 04:02
396431,Entire,1,182761,735b326c9d9a4d6a9f1ea51e9cfa5a29-PR0412,0,2023-02-04 03:57,,2023-08-15 03:52
396432,3BR Villa 3,1,182762,735b326c9d9a4d6a9f1ea51e9cfa5a29-PR0417,0,2023-02-04 03:57,2024-05-15 04:24,2024-05-15 04:24
396433,Twin,1,,735b326c9d9a4d6a9f1ea51e9cfa5a29-PR0245-1,0,2023-02-04 03:57,2023-06-22 10:28,2023-06-22 10:28
396434,Sleep Well Balangan Villa,1,182764,735b326c9d9a4d6a9f1ea51e9cfa5a29-PR0691,0,2023-02-04 03:57,2023-08-30 03:45,2023-08-30 03:45
396435,Villa Angin,1,182765,735b326c9d9a4d6a9f1ea51e9cfa5a29-PR0695,0,2023-02-04 03:57,,2023-08-15 03:52
396437,Villa Arcturus,1,182767,735b326c9d9a4d6a9f1ea51e9cfa5a29-PR0678,0,2023-02-04 03:57,,2023-08-15 03:52
396438,Entire,1,,735b326c9d9a4d6a9f1ea51e9cfa5a29-PR0112-1,1,2023-02-04 03:57,2023-05-04 10:42,2023-05-04 10:42
396440,5BR Villa,1,182770,735b326c9d9a4d6a9f1ea51e9cfa5a29-PR0354,0,2023-02-04 03:57,,2023-08-15 03:52
396441,Villa Bahagia 10BR,1,182770,735b326c9d9a4d6a9f1ea51e9cfa5a29-PR0354,1,2023-02-04 03:57,,2023-08-15 03:52
396442,Blu Apsara,1,182771,735b326c9d9a4d6a9f1ea51e9cfa5a29-PR0500,0,2023-02-04 03:57,,2023-08-15 03:52
396443,Villa Istana Willy,1,182772,735b326c9d9a4d6a9f1ea51e9cfa5a29-PR0093,0,2023-02-04 03:57,,2023-08-15 03:52
396444,Villa Nayaka,1,182773,735b326c9d9a4d6a9f1ea51e9cfa5a29-PR0644,0,2023-02-04 03:57,2023-08-30 03:45,2023-08-30 03:45
396445,Entire House 4BR,1,182774,735b326c9d9a4d6a9f1ea51e9cfa5a29-PR0435,0,2023-02-04 03:57,,2023-08-15 03:52
396446,Villa Tupa,1,182775,735b326c9d9a4d6a9f1ea51e9cfa5a29-PR0719,0,2023-02-04 03:57,,2023-08-15 03:52
396658,Bingin Ombak Apartment - 2 Lantai 2,1,,735b326c9d9a4d6a9f1ea51e9cfa5a29-PR0120-2,0,2023-02-04 05:56,2023-07-07 02:46,2023-07-07 02:46
397165,2BR Downstairs Hot Water,1,182066,735b326c9d9a4d6a9f1ea51e9cfa5a29-PR0282,1,2023-05-05 06:37,,2023-11-26 04:59
397394,Std Double Temporary 1 Non Allocation,1,,735b326c9d9a4d6a9f1ea51e9cfa5a29-PR0245,0,2023-02-09 05:44,2023-02-13 05:00,2023-02-13 05:00
397396,Std Double Temporary 2 Non Allocation,1,,735b326c9d9a4d6a9f1ea51e9cfa5a29-PR0245,0,2023-02-09 05:44,2023-02-13 05:00,2023-02-13 05:00
397399,Std Double Temporary 3 Non Allocation,1,,735b326c9d9a4d6a9f1ea51e9cfa5a29-PR0245,0,2023-02-09 05:44,2023-02-13 05:00,2023-02-13 05:00
397400,Deluxe Double Temporary 1,1,,735b326c9d9a4d6a9f1ea51e9cfa5a29-PR0245,0,2023-02-09 05:44,2023-02-13 05:00,2023-02-13 05:00
397403,Deluxe Double Temporary 2,1,,735b326c9d9a4d6a9f1ea51e9cfa5a29-PR0245,0,2023-02-09 05:44,2023-02-13 05:00,2023-02-13 05:00
397404,Deluxe Double Temporary 3,1,,735b326c9d9a4d6a9f1ea51e9cfa5a29-PR0245,0,2023-02-09 05:44,2023-02-13 05:00,2023-02-13 05:00
397405,Twin Non Allocation,1,,735b326c9d9a4d6a9f1ea51e9cfa5a29-PR0245-1,0,2023-02-09 05:44,2023-03-16 03:45,2023-03-16 03:45
397665,Double,1,183495,735b326c9d9a4d6a9f1ea51e9cfa5a29-PR0575,0,2023-02-10 04:34,,2023-08-15 03:52
397666,Asri Guesthouse,1,183496,735b326c9d9a4d6a9f1ea51e9cfa5a29-PR0740,0,2023-02-10 04:34,2023-08-30 07:56,2023-08-30 07:56
397667,Asri Village,1,183497,735b326c9d9a4d6a9f1ea51e9cfa5a29-PR0513,0,2023-02-10 04:34,,2023-08-15 03:52
397668,Wooden,1,183498,735b326c9d9a4d6a9f1ea51e9cfa5a29-PR0314,0,2023-02-10 04:34,,2023-08-15 03:52
397669,Standard,1,183499,735b326c9d9a4d6a9f1ea51e9cfa5a29-PR0519,0,2023-02-10 04:34,,2023-08-15 03:52
397670,Lumbung,1,183499,735b326c9d9a4d6a9f1ea51e9cfa5a29-PR0519,0,2023-02-10 04:34,,2023-08-15 03:52
397671,Despacito Loft & Lounge - 5,1,183500,735b326c9d9a4d6a9f1ea51e9cfa5a29-PR0363,0,2023-02-10 04:34,,2023-08-15 03:52
397672,Despacito Loft & Lounge - 4,1,183500,735b326c9d9a4d6a9f1ea51e9cfa5a29-PR0363,0,2023-02-10 04:34,,2023-08-15 03:52
397673,Despacito Loft & Lounge - 3,1,183500,735b326c9d9a4d6a9f1ea51e9cfa5a29-PR0363,0,2023-02-10 04:34,,2023-08-15 03:52
397674,Downstairs/Upstairs,1,183501,735b326c9d9a4d6a9f1ea51e9cfa5a29-PR0467,0,2023-02-10 04:34,2024-02-09 09:03,2024-02-09 09:03
397675,Standard,1,183502,735b326c9d9a4d6a9f1ea51e9cfa5a29-PR0494,0,2023-02-10 04:34,,2023-08-15 03:52
397676,Joglo Small,1,183503,735b326c9d9a4d6a9f1ea51e9cfa5a29-PR0404,0,2023-02-10 04:34,,2023-08-15 03:52
397677,Kencana Homestay,1,183504,735b326c9d9a4d6a9f1ea51e9cfa5a29-PR0510,0,2023-02-10 04:34,,2023-08-15 03:52
397678,Villa,1,183505,735b326c9d9a4d6a9f1ea51e9cfa5a29-PR0763,0,2023-02-10 04:34,,2023-08-15 03:52
397679,Double,1,183506,735b326c9d9a4d6a9f1ea51e9cfa5a29-PR0442,0,2023-02-10 04:34,,2023-08-15 03:52
397680,Twin,1,183506,735b326c9d9a4d6a9f1ea51e9cfa5a29-PR0442,0,2023-02-10 04:34,,2023-08-15 03:52
397682,Standard,1,183508,735b326c9d9a4d6a9f1ea51e9cfa5a29-PR0423,0,2023-02-10 04:34,2023-08-30 03:45,2023-08-30 03:45
397683,Lumbung,1,183508,735b326c9d9a4d6a9f1ea51e9cfa5a29-PR0423,0,2023-02-10 04:34,2023-08-30 03:45,2023-08-30 03:45
397684,Standard,1,183509,735b326c9d9a4d6a9f1ea51e9cfa5a29-PR0198,0,2023-02-10 04:34,2024-01-24 03:33,2024-01-24 03:33
397685,Deluxe,1,183509,735b326c9d9a4d6a9f1ea51e9cfa5a29-PR0198,0,2023-02-10 04:34,2024-01-24 03:33,2024-01-24 03:33
397686,Standard Smaller (No Pool),1,183509,735b326c9d9a4d6a9f1ea51e9cfa5a29-PR0198,0,2023-02-10 04:34,2024-01-24 03:33,2024-01-24 03:33
397688,Downstairs/Upstairs,1,183511,735b326c9d9a4d6a9f1ea51e9cfa5a29-PR0052,0,2023-02-10 04:34,2023-08-30 03:45,2023-08-30 03:45
397689,Standard,1,183512,735b326c9d9a4d6a9f1ea51e9cfa5a29-PR0057,0,2023-02-10 04:34,,2023-08-15 03:52
397690,Double with Balcony,1,183513,735b326c9d9a4d6a9f1ea51e9cfa5a29-PR0254,0,2023-02-10 04:34,,2023-08-15 03:52
397691,Twin,1,183513,735b326c9d9a4d6a9f1ea51e9cfa5a29-PR0254,0,2023-02-10 04:34,,2023-08-15 03:52
397692,Uluwatu Kayana Bungalows,1,183514,735b326c9d9a4d6a9f1ea51e9cfa5a29-PR0485,0,2023-02-10 04:34,,2023-08-15 03:52
397693,Amazon GH,1,183515,735b326c9d9a4d6a9f1ea51e9cfa5a29-PR0492,0,2023-02-10 04:34,,2023-08-15 03:52
397694,Villa Belle-Isle,1,183516,735b326c9d9a4d6a9f1ea51e9cfa5a29-PR0529,0,2023-02-10 04:34,,2023-08-15 03:52
397695,Villa Olel - Suite 1,1,183517,735b326c9d9a4d6a9f1ea51e9cfa5a29-PR0373,0,2023-02-10 04:34,2024-01-06 04:00,2024-01-06 04:00
397696,Villa Olel - Suite 2,1,183517,735b326c9d9a4d6a9f1ea51e9cfa5a29-PR0373,0,2023-02-10 04:34,2024-01-06 04:00,2024-01-06 04:00
397697,Villa Olel - Suite 3,1,183517,735b326c9d9a4d6a9f1ea51e9cfa5a29-PR0373,0,2023-02-10 04:34,2024-01-06 04:00,2024-01-06 04:00
397698,Standard,1,183518,735b326c9d9a4d6a9f1ea51e9cfa5a29-PR0475,0,2023-02-10 04:34,,2023-08-15 03:52
397699,Lumbung,1,183518,735b326c9d9a4d6a9f1ea51e9cfa5a29-PR0475,0,2023-02-10 04:34,,2023-08-15 03:52
397701,Despacito Loft & Lounge - 2,1,183500,735b326c9d9a4d6a9f1ea51e9cfa5a29-PR0363,0,2023-02-10 04:34,,2023-08-15 03:52
397711,Deluxe Double,1,183510,735b326c9d9a4d6a9f1ea51e9cfa5a29-PR0245,0,2023-02-10 04:34,2024-03-24 01:27,2024-03-24 01:27
397714,Standard,1,183498,735b326c9d9a4d6a9f1ea51e9cfa5a29-PR0314,0,2023-02-10 04:34,,2023-08-15 03:52
397715,Rumah Taman Kutuh,1,183530,735b326c9d9a4d6a9f1ea51e9cfa5a29-PR0512,0,2023-02-10 04:34,2023-11-08 07:05,2023-11-08 07:05
397720,2BR,1,183513,735b326c9d9a4d6a9f1ea51e9cfa5a29-PR0254,1,2023-02-10 04:34,,2023-08-15 03:52
397739,7BR,1,183512,735b326c9d9a4d6a9f1ea51e9cfa5a29-PR0057,1,2023-02-10 04:34,,2023-08-15 03:52
397743,Entire,1,183517,735b326c9d9a4d6a9f1ea51e9cfa5a29-PR0373,1,2023-02-13 05:00,2024-01-06 04:00,2024-01-06 04:00
397946,Standard Double,1,183510,735b326c9d9a4d6a9f1ea51e9cfa5a29-PR0245,0,2023-02-10 04:34,2024-03-24 01:27,2024-03-24 01:27
397971,Double Non Allocation,1,183513,735b326c9d9a4d6a9f1ea51e9cfa5a29-PR0254,0,2023-02-15 08:33,,2023-08-15 03:52
397972,Twin Non Allocation,1,183513,735b326c9d9a4d6a9f1ea51e9cfa5a29-PR0254,0,2023-02-15 08:33,,2023-08-15 03:52
398335,Standard Double Non Allocation,1,,735b326c9d9a4d6a9f1ea51e9cfa5a29-PR0245-2,0,2023-02-13 05:00,2023-03-16 03:45,2023-03-16 03:45
398513,Double,1,183999,735b326c9d9a4d6a9f1ea51e9cfa5a29-PR0126,0,2023-02-15 08:33,2024-01-20 06:02,2024-01-20 06:02
398514,2BR Double,1,183999,735b326c9d9a4d6a9f1ea51e9cfa5a29-PR0126,1,2023-02-15 08:33,2024-01-20 06:02,2024-01-20 06:02
398515,Twin (non allocation),1,183999,735b326c9d9a4d6a9f1ea51e9cfa5a29-PR0126,0,2023-02-15 08:33,2024-01-20 06:02,2024-01-20 06:02
398516,Kokomo Villas - 1,1,184000,735b326c9d9a4d6a9f1ea51e9cfa5a29-PR0759,0,2023-02-15 08:33,,2024-02-21 11:53
398517,Kokomo Villas - 5,1,184000,735b326c9d9a4d6a9f1ea51e9cfa5a29-PR0759,0,2023-02-15 08:33,,2023-08-15 03:52
398519,Guesthouse,1,184001,735b326c9d9a4d6a9f1ea51e9cfa5a29-PR0188,0,2023-02-15 08:33,,2023-08-15 03:52
398520,1BR,1,184002,735b326c9d9a4d6a9f1ea51e9cfa5a29-PR0241,0,2023-02-15 08:33,,2023-08-15 03:52
398521,Deluxe,1,184003,735b326c9d9a4d6a9f1ea51e9cfa5a29-PR0423-1,0,2023-02-15 08:33,2023-08-30 03:45,2023-08-30 03:45
398522,Bunk Bed,1,184004,735b326c9d9a4d6a9f1ea51e9cfa5a29-PR0198-1,0,2023-02-15 08:33,2024-01-24 03:33,2024-01-24 03:33
398523,2BR,1,184004,735b326c9d9a4d6a9f1ea51e9cfa5a29-PR0198-1,1,2023-02-15 08:33,2024-01-24 03:33,2024-01-24 03:33
398524,Wooden Twin,1,,735b326c9d9a4d6a9f1ea51e9cfa5a29-PR0198-1,0,2023-02-15 08:33,2023-02-18 08:54,2023-02-18 08:54
398525,1BR Villa,1,184005,735b326c9d9a4d6a9f1ea51e9cfa5a29-PR0597,0,2023-02-15 08:33,,2023-08-15 03:52
398526,Entire House,1,184006,735b326c9d9a4d6a9f1ea51e9cfa5a29-PR0453,0,2023-02-15 08:33,,2023-08-15 03:52
398527,Guesthouse,1,184007,735b326c9d9a4d6a9f1ea51e9cfa5a29-PR0650,0,2023-02-15 08:33,,2023-08-15 03:52
398528,Teges Asri Studio,1,,735b326c9d9a4d6a9f1ea51e9cfa5a29-PR0057-1,0,2023-02-15 08:33,2023-07-21 06:46,2023-07-21 06:46
398529,Villa Damuh,1,184009,735b326c9d9a4d6a9f1ea51e9cfa5a29-PR0460,0,2023-02-15 08:33,2023-08-30 03:45,2023-08-30 03:45
398561,Raka & Rai GH 2BR,1,183511,735b326c9d9a4d6a9f1ea51e9cfa5a29-PR0052,1,2023-02-15 08:33,2023-08-30 03:45,2023-08-30 03:45
398563,2BR,1,,735b326c9d9a4d6a9f1ea51e9cfa5a29-PR0245-3,1,2023-02-15 08:33,2023-06-22 10:28,2023-06-22 10:28
399280,"3BR (Bung.D, Std D, Std T)",1,181095,735b326c9d9a4d6a9f1ea51e9cfa5a29-PR0345,1,2023-02-18 08:51,2024-01-06 04:00,2024-01-06 04:00
399290,5BR,1,184413,735b326c9d9a4d6a9f1ea51e9cfa5a29-PR0467-1,1,2023-02-18 08:53,2023-09-07 15:01,2023-09-07 15:01
399291,Kamisama Joglo,1,184414,735b326c9d9a4d6a9f1ea51e9cfa5a29-PR0404-1,0,2023-02-20 03:50,2023-08-31 05:37,2023-08-31 05:37
399292,Kokomo Villas - 2,1,,735b326c9d9a4d6a9f1ea51e9cfa5a29-PR0759-1,0,2023-02-18 08:53,2023-06-27 09:43,2023-06-27 09:43
399293,Kokomo Villas - 3,1,,735b326c9d9a4d6a9f1ea51e9cfa5a29-PR0759-1,0,2023-02-18 08:53,2023-06-27 09:43,2023-06-27 09:43
399294,Whole,1,184416,735b326c9d9a4d6a9f1ea51e9cfa5a29-PR0424,0,2023-02-18 08:53,,2023-08-15 03:52
399295,2BR,1,,735b326c9d9a4d6a9f1ea51e9cfa5a29-PR0241-1,0,2023-02-18 08:53,2023-07-04 08:37,2023-07-04 08:37
399296,Me Villa Kayu Tulang,1,184418,735b326c9d9a4d6a9f1ea51e9cfa5a29-PR0637,0,2023-02-18 08:53,,2023-08-15 03:52
399297,5BR,1,184419,735b326c9d9a4d6a9f1ea51e9cfa5a29-PR0339,1,2023-02-18 08:53,2023-10-13 02:38,2023-10-13 02:38
399298,Standard Type,1,184419,735b326c9d9a4d6a9f1ea51e9cfa5a29-PR0339,0,2023-02-18 08:53,2023-10-13 02:38,2023-10-13 02:38
399299,Wooden Double,1,184420,735b326c9d9a4d6a9f1ea51e9cfa5a29-PR0198-2,0,2023-02-18 08:53,2024-01-24 03:33,2024-01-24 03:33
399303,Villa Tortoise,1,184422,735b326c9d9a4d6a9f1ea51e9cfa5a29-PR0088,0,2023-02-18 08:53,,2023-08-15 03:52
399304,Entire,1,184423,735b326c9d9a4d6a9f1ea51e9cfa5a29-PR0757,0,2023-02-18 08:53,,2023-08-15 03:52
399305,NDBV Lot 3,1,184424,735b326c9d9a4d6a9f1ea51e9cfa5a29-PR0242,0,2023-02-18 08:53,,2023-08-15 03:52
399306,NDBV Lot 6,1,184425,735b326c9d9a4d6a9f1ea51e9cfa5a29-PR0196,0,2023-02-18 08:53,,2023-08-15 03:52
399307,Pondok Nini Villa,1,184426,735b326c9d9a4d6a9f1ea51e9cfa5a29-PR0486,0,2023-02-18 08:53,,2023-08-15 03:52
399308,Sunrise House - GV,1,184427,735b326c9d9a4d6a9f1ea51e9cfa5a29-PR0409,0,2023-02-18 08:53,2023-08-30 03:45,2023-08-30 03:45
399309,Miracle Villa,1,184428,735b326c9d9a4d6a9f1ea51e9cfa5a29-PR0715,0,2023-02-18 08:53,,2023-08-15 03:52
399311,Villa Kama,1,184429,735b326c9d9a4d6a9f1ea51e9cfa5a29-PR0104,0,2023-02-18 08:53,2024-02-09 09:03,2024-02-09 09:03
399313,Villa Kanha,1,184430,735b326c9d9a4d6a9f1ea51e9cfa5a29-PR0092,0,2023-02-18 08:53,,2023-08-15 03:52
399314,Villa Malindo,1,184431,735b326c9d9a4d6a9f1ea51e9cfa5a29-PR0098,0,2023-02-18 08:53,2023-12-24 09:15,2023-12-24 09:15
399315,Villa Tortoise - Room 1,1,,735b326c9d9a4d6a9f1ea51e9cfa5a29-PR0088-1,0,2023-02-18 08:53,2023-06-12 10:05,2023-06-12 10:05
399316,Yoga Searcher,1,184433,735b326c9d9a4d6a9f1ea51e9cfa5a29-PR0081,0,2023-02-18 08:53,2024-03-28 02:32,2024-03-28 02:32
399317,Raka Rai Villa,1,184434,735b326c9d9a4d6a9f1ea51e9cfa5a29-PR0474,0,2023-02-18 08:53,2023-08-30 03:45,2023-08-30 03:45
399509,Deluxe,1,,735b326c9d9a4d6a9f1ea51e9cfa5a29-PR0518-1,0,2023-02-18 08:53,2023-06-23 09:48,2023-06-23 09:48
399516,Bigger Type,1,184419,735b326c9d9a4d6a9f1ea51e9cfa5a29-PR0339,0,2023-02-18 08:53,2023-10-13 02:38,2023-10-13 02:38
399517,Wooden Twin,1,184420,735b326c9d9a4d6a9f1ea51e9cfa5a29-PR0198-2,0,2023-02-18 08:53,2024-01-24 03:33,2024-01-24 03:33
399737,Family Non Allocation,1,,735b326c9d9a4d6a9f1ea51e9cfa5a29-PR0245-1,0,2023-02-20 03:50,2023-03-16 03:45,2023-03-16 03:45
399830,2BR,1,,735b326c9d9a4d6a9f1ea51e9cfa5a29-PR0314-1,1,2023-02-22 09:12,2023-07-24 10:24,2023-07-24 10:24
399831,Despacito Loft & Lounge - 1,1,,735b326c9d9a4d6a9f1ea51e9cfa5a29-PR0363-1,0,2023-02-22 09:12,2023-06-21 10:32,2023-06-21 10:32
399832,Despacito Loft & Lounge - 6,1,,735b326c9d9a4d6a9f1ea51e9cfa5a29-PR0363-1,0,2023-02-22 09:12,2023-06-21 10:32,2023-06-21 10:32
399833,Despacito 6BR,1,,735b326c9d9a4d6a9f1ea51e9cfa5a29-PR0363-1,1,2023-02-22 09:12,2023-06-21 10:32,2023-06-21 10:32
399834,Lumbung,1,,735b326c9d9a4d6a9f1ea51e9cfa5a29-PR0494-1,0,2023-02-22 09:12,2023-07-19 09:19,2023-07-19 09:19
399835,Pondok Dahayu 4BR,1,184722,735b326c9d9a4d6a9f1ea51e9cfa5a29-PR0528,0,2023-02-22 09:12,,2023-08-15 03:52
399837,Raja Surga Ubud,1,184724,735b326c9d9a4d6a9f1ea51e9cfa5a29-PR0397,0,2023-02-22 09:12,2023-08-30 03:45,2023-08-30 03:45
400077,Standard,1,180486,735b326c9d9a4d6a9f1ea51e9cfa5a29-PR0554,0,2023-02-22 09:11,,2023-08-15 03:52
400078,Standard (Extra Bed Available),1,180486,735b326c9d9a4d6a9f1ea51e9cfa5a29-PR0554,0,2023-02-22 09:11,,2023-08-15 03:52
401383,Single Room,1,180484,735b326c9d9a4d6a9f1ea51e9cfa5a29-PR0603,0,2023-02-27 09:43,,2023-08-15 03:52
402332,Bingin Surf Left,1,186090,735b326c9d9a4d6a9f1ea51e9cfa5a29-PR0170,0,2023-03-02 06:45,2023-08-22 08:08,2023-08-22 08:08
403801,Villa,1,186920,735b326c9d9a4d6a9f1ea51e9cfa5a29-PR0765,0,2023-03-09 07:02,,2023-08-15 03:52
405583,Deluxe Double Non Allocation,1,187844,735b326c9d9a4d6a9f1ea51e9cfa5a29-PR0245-1,0,2023-03-16 03:45,2024-03-24 01:27,2024-03-24 01:27
405584,Standard Double Non Allocation,1,187844,735b326c9d9a4d6a9f1ea51e9cfa5a29-PR0245-1,0,2023-03-16 03:45,2024-03-24 01:27,2024-03-24 01:27
405586,Family Non Allocation,1,187844,735b326c9d9a4d6a9f1ea51e9cfa5a29-PR0245-1,0,2023-03-16 03:45,2024-03-24 01:27,2024-03-24 01:27
405587,Twin Non Allocation,1,187844,735b326c9d9a4d6a9f1ea51e9cfa5a29-PR0245-1,0,2023-03-16 03:45,2024-03-24 01:27,2024-03-24 01:27
406053,2 (1BR),1,188124,735b326c9d9a4d6a9f1ea51e9cfa5a29-PR0769,0,2023-03-20 03:12,,2023-08-15 03:52
406732,Double No Balcony,1,183513,735b326c9d9a4d6a9f1ea51e9cfa5a29-PR0254,0,2023-03-20 03:12,,2023-08-15 03:52
411420,Villa,1,190773,735b326c9d9a4d6a9f1ea51e9cfa5a29-PR0768,0,2023-04-06 04:32,,2023-08-15 03:52
411604,3BR,1,181092,735b326c9d9a4d6a9f1ea51e9cfa5a29-PR0419,1,2023-04-07 02:52,2023-11-08 07:05,2023-11-08 07:05
411609,2BR,1,181092,735b326c9d9a4d6a9f1ea51e9cfa5a29-PR0419,1,2023-04-07 02:52,2023-11-08 07:05,2023-11-08 07:05
411899,Villa,1,191050,735b326c9d9a4d6a9f1ea51e9cfa5a29-PR0770,0,2023-04-07 02:55,2023-08-22 08:08,2023-08-22 08:08
413945,Guesthouse,1,192196,735b326c9d9a4d6a9f1ea51e9cfa5a29-PR0771,0,2023-04-19 07:05,2023-09-15 10:57,2023-09-15 10:57
414402,Villa,1,192433,735b326c9d9a4d6a9f1ea51e9cfa5a29-PR0774,0,2023-04-22 13:52,,2023-08-15 03:52
414672,1BR (1F),1,192579,735b326c9d9a4d6a9f1ea51e9cfa5a29-PR0772,0,2023-04-22 13:52,2023-08-30 07:56,2023-08-30 07:56
415122,3 (2BR),1,188124,735b326c9d9a4d6a9f1ea51e9cfa5a29-PR0769,0,2023-04-25 08:29,,2023-08-15 03:52
415268,2BR (GF),1,192579,735b326c9d9a4d6a9f1ea51e9cfa5a29-PR0772,0,2023-04-25 08:29,2023-08-30 07:56,2023-08-30 07:56
415281,Villa,1,192882,735b326c9d9a4d6a9f1ea51e9cfa5a29-PR0776,0,2023-04-25 08:29,,2023-08-15 03:52
415531,Room 1 TEST,1,,735b326c9d9a4d6a9f1ea51e9cfa5a29-Testing,0,2023-04-26 06:25,2023-05-04 04:56,2023-05-04 04:56
415532,Room 2 TEST,1,,735b326c9d9a4d6a9f1ea51e9cfa5a29-Testing,0,2023-04-26 06:25,2023-05-04 04:56,2023-05-04 04:56
415814,4BR,1,180481,735b326c9d9a4d6a9f1ea51e9cfa5a29-PR0762,1,2023-04-27 09:16,2023-10-08 07:47,2023-10-08 07:47
416992,Bungalow,1,181085,735b326c9d9a4d6a9f1ea51e9cfa5a29-PR0447,0,2023-05-04 04:55,2023-11-08 07:05,2023-11-08 07:05
417019,3BR,1,174771,735b326c9d9a4d6a9f1ea51e9cfa5a29-PR0340,1,2023-05-04 07:39,2023-09-29 03:29,2023-09-29 03:29
417026,Entire,1,180478,735b326c9d9a4d6a9f1ea51e9cfa5a29-PR0684,1,2023-05-04 08:19,2023-09-02 04:53,2023-09-02 04:53
417031,5BR,1,180486,735b326c9d9a4d6a9f1ea51e9cfa5a29-PR0554,1,2023-05-04 08:58,,2023-08-15 03:52
417040,Entire,1,182586,735b326c9d9a4d6a9f1ea51e9cfa5a29-PR0112,1,2023-05-04 10:42,,2023-08-15 03:52
417103,Double (near construction),1,,735b326c9d9a4d6a9f1ea51e9cfa5a29-PR0575,0,2023-05-05 06:37,2023-05-05 06:37,2024-01-02 05:47
417770,Villa,1,194135,735b326c9d9a4d6a9f1ea51e9cfa5a29-PR0773,0,2023-05-10 06:00,,2023-08-15 03:52
418293,Tranquil Oasis Villa with Private Pool in Sleman,1,,735b326c9d9a4d6a9f1ea51e9cfa5a29-PR0760,0,2023-05-10 06:00,2023-05-18 10:05,2023-05-18 10:05
418473,Deluxe Twin,1,183510,735b326c9d9a4d6a9f1ea51e9cfa5a29-PR0245,0,2023-05-12 04:14,2024-03-24 01:27,2024-03-24 01:27
418563,Wooden,1,194135,735b326c9d9a4d6a9f1ea51e9cfa5a29-PR0773,0,2023-05-12 04:14,,2023-08-15 03:52
420040,Entire,1,195320,735b326c9d9a4d6a9f1ea51e9cfa5a29-PR0775,0,2023-05-18 10:05,,2023-08-15 03:52
420950,Downstairs (Non Hot Water),1,182066,735b326c9d9a4d6a9f1ea51e9cfa5a29-PR0282,0,2023-05-22 18:44,2023-09-02 04:53,2023-09-02 04:53
420951,Upstairs (Non Hot Water),1,182066,735b326c9d9a4d6a9f1ea51e9cfa5a29-PR0282,0,2023-05-22 18:44,2023-09-02 04:53,2023-09-02 04:53
421890,1 (2BR),1,,735b326c9d9a4d6a9f1ea51e9cfa5a29-PR0769,0,2023-05-28 07:01,2023-06-07 04:21,2023-06-07 04:21
423204,Dormitory,1,196974,735b326c9d9a4d6a9f1ea51e9cfa5a29-PR0761,0,2023-06-20 05:57,,2023-08-15 03:52
423787,Family,1,181084,735b326c9d9a4d6a9f1ea51e9cfa5a29-PR0383,0,2023-06-03 05:12,2024-02-11 09:56,2024-02-11 09:56
423969,Villa,1,197417,735b326c9d9a4d6a9f1ea51e9cfa5a29-PR0777,0,2023-06-06 09:26,2024-04-18 08:18,2024-04-18 08:18
424242,Bungalow (Non Allocation),1,181091,735b326c9d9a4d6a9f1ea51e9cfa5a29-PR0427,0,2023-06-06 09:25,,2023-08-15 03:52
424571,1 (2BR),1,188124,735b326c9d9a4d6a9f1ea51e9cfa5a29-PR0769,0,2023-06-07 04:21,,2023-08-15 03:52
425903,Villa Tortoise - Room 1,1,184422,735b326c9d9a4d6a9f1ea51e9cfa5a29-PR0088,0,2023-06-12 10:04,,2023-08-15 03:52
426197,Villa,1,198630,735b326c9d9a4d6a9f1ea51e9cfa5a29-PR0767,0,2023-06-14 09:48,,2023-08-15 03:52
426979,Double Room,1,199042,735b326c9d9a4d6a9f1ea51e9cfa5a29-PR0781,0,2023-06-15 06:36,,2023-08-15 03:52
426986,Honeymoon Room,1,180485,735b326c9d9a4d6a9f1ea51e9cfa5a29-PR0728,0,2023-06-15 07:02,,2023-08-15 03:52
428380,Despacito Loft & Lounge - 1,1,183500,735b326c9d9a4d6a9f1ea51e9cfa5a29-PR0363,0,2023-06-21 10:31,,2023-08-15 03:52
428381,Despacito Loft & Lounge - 6,1,183500,735b326c9d9a4d6a9f1ea51e9cfa5a29-PR0363,0,2023-06-21 10:31,,2023-08-15 03:52
428382,Despacito 6BR,1,183500,735b326c9d9a4d6a9f1ea51e9cfa5a29-PR0363,1,2023-06-21 10:31,,2023-08-15 03:52
428543,Villa,1,200053,735b326c9d9a4d6a9f1ea51e9cfa5a29-PR0780,0,2023-06-22 05:21,,2023-08-15 03:52
428585,2BR (Double & Twin),1,183510,735b326c9d9a4d6a9f1ea51e9cfa5a29-PR0245,1,2023-06-22 10:27,2024-03-24 01:27,2024-03-24 01:27
428586,3BR Deluxe Double,1,183510,735b326c9d9a4d6a9f1ea51e9cfa5a29-PR0245,1,2023-06-22 10:27,2024-03-24 01:27,2024-03-24 01:27
428587,Twin,1,183510,735b326c9d9a4d6a9f1ea51e9cfa5a29-PR0245,0,2023-06-22 10:27,2024-03-24 01:27,2024-03-24 01:27
428593,Room G8 VR,1,,735b326c9d9a4d6a9f1ea51e9cfa5a29-PR0245,0,2023-06-22 10:27,2023-07-19 09:19,2023-07-19 09:19
428650,Twin Room,1,199042,735b326c9d9a4d6a9f1ea51e9cfa5a29-PR0781,0,2023-06-22 14:23,,2023-08-15 03:52
428820,Deluxe,1,182576,735b326c9d9a4d6a9f1ea51e9cfa5a29-PR0518,0,2023-06-23 09:48,,2023-08-15 03:52
429565,4BR,1,199042,735b326c9d9a4d6a9f1ea51e9cfa5a29-PR0781,1,2023-06-27 06:40,,2023-08-15 03:52
429575,Private Cabin,1,200644,735b326c9d9a4d6a9f1ea51e9cfa5a29-PR0782,0,2023-06-27 08:05,,2023-08-15 03:52
429591,Kokomo Villas - 2,1,184000,735b326c9d9a4d6a9f1ea51e9cfa5a29-PR0759,0,2023-06-27 09:43,,2023-08-15 03:52
429592,Kokomo Villas - 3,1,184000,735b326c9d9a4d6a9f1ea51e9cfa5a29-PR0759,0,2023-06-27 09:43,,2023-08-15 03:52
430441,Kokomo Villas - 4 Villas,1,184000,735b326c9d9a4d6a9f1ea51e9cfa5a29-PR0759,1,2023-07-01 07:25,,2023-08-15 03:52
430873,BOX C Single,1,200644,735b326c9d9a4d6a9f1ea51e9cfa5a29-PR0782,0,2023-07-03 10:50,,2023-08-15 03:52
430891,BOX Single - Entire,1,,735b326c9d9a4d6a9f1ea51e9cfa5a29-PR0782,1,2023-07-03 10:50,2023-07-04 06:57,2023-07-04 06:57
431097,BOX C Entire,1,200644,735b326c9d9a4d6a9f1ea51e9cfa5a29-PR0782,1,2023-07-04 07:16,,2023-08-15 03:52
431114,2 BR,1,184002,735b326c9d9a4d6a9f1ea51e9cfa5a29-PR0241,0,2023-07-04 08:37,,2023-08-15 03:52
431708,3BR,1,196974,735b326c9d9a4d6a9f1ea51e9cfa5a29-PR0761,1,2023-07-07 02:46,,2023-08-15 03:52
431874,Bingin Ombak Apartment - 1 Lantai 1,1,182064,735b326c9d9a4d6a9f1ea51e9cfa5a29-PR0120,0,2023-07-07 02:43,,2023-08-15 03:52
431875,Bingin Ombak Apartment - 2 Lantai 2,1,182064,735b326c9d9a4d6a9f1ea51e9cfa5a29-PR0120,0,2023-07-07 02:43,,2023-08-15 03:52
432720,Entire Wooden & Villa,1,194135,735b326c9d9a4d6a9f1ea51e9cfa5a29-PR0773,1,2023-07-11 08:42,,2023-08-15 03:52
432921,Entire Villa,1,202703,735b326c9d9a4d6a9f1ea51e9cfa5a29-PR0778,0,2023-07-12 07:45,,2023-08-15 03:52
432924,Dorm (Bunk Beds) Entire,1,200644,735b326c9d9a4d6a9f1ea51e9cfa5a29-PR0782,1,2023-07-12 08:06,,2023-09-06 07:30
432934,BOX A & B Single,1,200644,735b326c9d9a4d6a9f1ea51e9cfa5a29-PR0782,0,2023-07-12 09:03,,2023-08-15 03:52
433186,BOX A & B 10 PAX,1,200644,735b326c9d9a4d6a9f1ea51e9cfa5a29-PR0782,1,2023-07-13 07:00,,2023-08-15 03:52
433408,Wooden - Entire,1,194135,735b326c9d9a4d6a9f1ea51e9cfa5a29-PR0773,1,2023-07-14 05:15,,2023-08-15 03:52
433614,Villa Namaskar - JW,1,,735b326c9d9a4d6a9f1ea51e9cfa5a29-PR0784,0,2023-07-15 08:31,2023-08-01 06:10,2023-08-01 06:10
433670,Villa Namaskar - Superhost,1,203052,735b326c9d9a4d6a9f1ea51e9cfa5a29-PR0784,0,2023-07-15 16:31,2023-10-13 02:38,2023-10-13 02:38
433820,New Building Downstairs,1,183495,735b326c9d9a4d6a9f1ea51e9cfa5a29-PR0575,0,2023-07-17 04:50,,2023-08-15 03:52
434365,Lumbung,1,183502,735b326c9d9a4d6a9f1ea51e9cfa5a29-PR0494,0,2023-07-19 09:19,,2023-08-15 03:52
434599,Temporary rooms,1,,735b326c9d9a4d6a9f1ea51e9cfa5a29-PR0785,0,2023-07-20 08:49,2023-08-09 03:56,2023-08-09 03:56
434668,New Building Upstairs,1,183495,735b326c9d9a4d6a9f1ea51e9cfa5a29-PR0575,0,2023-07-20 14:46,,2023-08-15 03:52
434758,Teges Asri Studio,1,183512,735b326c9d9a4d6a9f1ea51e9cfa5a29-PR0057,0,2023-07-21 06:45,,2023-08-15 03:52
434892,Rumah Taman Kutuh - Entire,1,183530,735b326c9d9a4d6a9f1ea51e9cfa5a29-PR0512,1,2023-07-22 05:32,2023-11-08 07:05,2023-11-08 07:05
434895,Kinton - 5BR,1,180482,735b326c9d9a4d6a9f1ea51e9cfa5a29-PR0366,1,2023-07-22 07:48,,2023-08-15 03:52
434923,6BR - Wooden & Standard,1,183498,735b326c9d9a4d6a9f1ea51e9cfa5a29-PR0314,1,2023-07-22 14:36,,2023-08-15 03:52
435068,New Building Downstairs 4BR,1,183495,735b326c9d9a4d6a9f1ea51e9cfa5a29-PR0575,1,2023-07-24 07:33,,2023-08-15 03:52
435112,2BR Standard,1,183498,735b326c9d9a4d6a9f1ea51e9cfa5a29-PR0314,1,2023-07-24 10:23,,2023-08-15 03:52
435778,Kencana Homestay - 7BR,1,183504,735b326c9d9a4d6a9f1ea51e9cfa5a29-PR0510,1,2023-07-28 07:10,,2023-08-15 03:52
435784,2nd & 3rd Floor - 4BR,1,173284,735b326c9d9a4d6a9f1ea51e9cfa5a29-PR0294,1,2023-07-28 09:09,,2023-08-15 03:46
435987,Joglo Small - 4BR,1,183503,735b326c9d9a4d6a9f1ea51e9cfa5a29-PR0404,1,2023-07-30 08:42,,2023-08-15 03:52
436733,Lumbung,1,204675,735b326c9d9a4d6a9f1ea51e9cfa5a29-PR0115,0,2023-08-03 04:56,,2023-08-15 03:52
436990,Villa,1,204789,735b326c9d9a4d6a9f1ea51e9cfa5a29-PR0788,0,2023-08-05 03:47,,2023-08-15 03:52
437052,Room - 4BR,1,181087,735b326c9d9a4d6a9f1ea51e9cfa5a29-PR0630,1,2023-08-04 09:10,,2023-08-15 03:52
437431,Kokomo Villas - 1 Superhost,1,184000,735b326c9d9a4d6a9f1ea51e9cfa5a29-PR0759,0,2023-08-07 07:56,2024-02-21 11:53,2024-02-21 11:53
438430,Deluxe,1,205435,735b326c9d9a4d6a9f1ea51e9cfa5a29-PR0789,0,2023-08-11 05:15,,2023-08-15 03:52
438956,Entire,1,205723,735b326c9d9a4d6a9f1ea51e9cfa5a29-PR0787,0,2023-08-15 07:43,,
440105,Entire,1,206243,735b326c9d9a4d6a9f1ea51e9cfa5a29-PR0779,0,2023-08-24 14:33,,
440653,Entire,1,206537,735b326c9d9a4d6a9f1ea51e9cfa5a29-PR0786,0,2023-08-28 07:29,,
441267,Kamisama Joglo,1,183503,735b326c9d9a4d6a9f1ea51e9cfa5a29-PR0404,0,2023-08-31 05:37,,
441324,New Building Upstairs 3BR,1,183495,735b326c9d9a4d6a9f1ea51e9cfa5a29-PR0575,1,2023-08-31 07:57,,
441585,Loft Second Floor,1,206995,735b326c9d9a4d6a9f1ea51e9cfa5a29-PR0791,0,2023-09-07 11:25,,2023-12-27 07:16
441616,Villa Arindra 2BR,1,182586,735b326c9d9a4d6a9f1ea51e9cfa5a29-PR0112,1,2023-09-01 06:37,,
441730,Bungalow - 2BR,1,181091,735b326c9d9a4d6a9f1ea51e9cfa5a29-PR0427,1,2023-09-02 04:52,,
441736,Armadillo 4BR,1,183495,735b326c9d9a4d6a9f1ea51e9cfa5a29-PR0575,1,2023-09-02 04:52,,
441740,4BR,1,181090,735b326c9d9a4d6a9f1ea51e9cfa5a29-PR0398,1,2023-09-02 06:21,,
442255,Dorm (Bunk Bed) Couple,1,200644,735b326c9d9a4d6a9f1ea51e9cfa5a29-PR0782,0,2023-09-06 07:30,,
442496,Double A 5BR,1,183501,735b326c9d9a4d6a9f1ea51e9cfa5a29-PR0467,1,2023-09-07 15:01,2024-02-09 09:03,2024-02-09 09:03
442568,Regular first floor,1,206995,735b326c9d9a4d6a9f1ea51e9cfa5a29-PR0791,0,2023-09-08 05:58,,2024-01-11 04:01
442584,Regular Second Floor,1,206995,735b326c9d9a4d6a9f1ea51e9cfa5a29-PR0791,0,2023-09-08 06:44,,2024-01-12 04:35
443595,Double A 2 BR,1,183501,735b326c9d9a4d6a9f1ea51e9cfa5a29-PR0467,1,2023-09-15 10:57,2024-02-09 09:03,2024-02-09 09:03
443739,2BR,1,183512,735b326c9d9a4d6a9f1ea51e9cfa5a29-PR0057,1,2023-09-17 03:28,,
443844,Villa Jado 2,1,208142,735b326c9d9a4d6a9f1ea51e9cfa5a29-PR0795,0,2023-09-17 03:28,2023-12-13 04:20,2023-12-13 04:20
443865,Villa 1,1,208159,735b326c9d9a4d6a9f1ea51e9cfa5a29-PR0794,0,2023-09-17 05:52,2023-09-26 06:10,2023-09-26 06:10
445141,Villa 1,1,208159,735b326c9d9a4d6a9f1ea51e9cfa5a29-PR0794,0,2023-09-26 06:10,2023-12-13 04:20,2023-12-13 04:20
445143,Room 1,1,208808,735b326c9d9a4d6a9f1ea51e9cfa5a29-PR0790,0,2023-09-26 06:10,2023-10-03 14:44,2023-10-03 14:44
445767,Entire,1,209085,735b326c9d9a4d6a9f1ea51e9cfa5a29-PR0793,0,2023-09-29 03:29,,2024-03-30 10:16
446962,Cottage,1,209516,735b326c9d9a4d6a9f1ea51e9cfa5a29-PR0792,0,2023-10-03 06:10,,
447053,Villa,1,209574,735b326c9d9a4d6a9f1ea51e9cfa5a29-PR0790,0,2023-10-03 14:44,2023-12-13 04:20,2023-12-13 04:20
448188,Lodge,1,209516,735b326c9d9a4d6a9f1ea51e9cfa5a29-PR0792,0,2023-10-08 07:47,,
449632,Entire Villa,1,210832,735b326c9d9a4d6a9f1ea51e9cfa5a29-PR0797,0,2023-10-15 09:19,2024-04-18 08:18,2024-04-18 08:18
450699,Bungalow,1,209516,735b326c9d9a4d6a9f1ea51e9cfa5a29-PR0792,0,2023-10-19 15:17,,
453432,Villa,1,212838,735b326c9d9a4d6a9f1ea51e9cfa5a29-PR0802,0,2023-11-03 05:59,,
454862,Pool,1,209516,735b326c9d9a4d6a9f1ea51e9cfa5a29-PR0792,0,2023-11-12 07:54,,
455439,Villa Anasera,1,214006,735b326c9d9a4d6a9f1ea51e9cfa5a29-PR0806,0,2023-11-15 04:31,,
456279,Entire Villa,1,214461,735b326c9d9a4d6a9f1ea51e9cfa5a29-PR0805,1,2023-11-19 06:18,,2024-04-22 04:16
458994,Well Bingin Entire,1,215716,735b326c9d9a4d6a9f1ea51e9cfa5a29-PR0803,0,2023-11-30 06:45,,
459246,Wooden,1,180486,735b326c9d9a4d6a9f1ea51e9cfa5a29-PR0554,0,2023-12-01 04:32,,
459252,Villa Tortoise - Room 2,1,184422,735b326c9d9a4d6a9f1ea51e9cfa5a29-PR0088,0,2023-12-01 08:14,,
460308,Standard Room,1,216388,735b326c9d9a4d6a9f1ea51e9cfa5a29-PR0813,0,2023-12-07 01:19,,
461335,Joglo,1,216958,735b326c9d9a4d6a9f1ea51e9cfa5a29-PR0809,0,2023-12-13 04:20,,2024-04-06 08:18
461403,Standard (Bambu 3),1,216958,735b326c9d9a4d6a9f1ea51e9cfa5a29-PR0809,0,2023-12-13 04:20,,2024-04-06 08:18
461653,Entire,1,216388,735b326c9d9a4d6a9f1ea51e9cfa5a29-PR0813,1,2023-12-13 07:35,,
462217,Villa,1,217337,735b326c9d9a4d6a9f1ea51e9cfa5a29-PR0801,0,2023-12-17 05:44,,
462285,Cabin Entire,1,182065,735b326c9d9a4d6a9f1ea51e9cfa5a29-PR0722,1,2023-12-18 03:00,,
463635,Bhadra Villa - Entire,1,218171,735b326c9d9a4d6a9f1ea51e9cfa5a29-PR0824,0,2023-12-24 09:15,,
464417,Entire Villa,1,182762,735b326c9d9a4d6a9f1ea51e9cfa5a29-PR0417,1,2023-12-29 07:09,2024-05-15 04:24,2024-05-15 04:24
465747,Standard (Bambu 1),1,216958,735b326c9d9a4d6a9f1ea51e9cfa5a29-PR0809,0,2024-01-06 04:00,,2024-04-06 08:18
467260,1BR Villa,1,220273,735b326c9d9a4d6a9f1ea51e9cfa5a29-PR0829,0,2024-01-13 15:10,,
467262,2BR Villa,1,220273,735b326c9d9a4d6a9f1ea51e9cfa5a29-PR0829,0,2024-01-13 15:13,,
467511,Cabin,1,220401,735b326c9d9a4d6a9f1ea51e9cfa5a29-PR0827,0,2024-01-15 15:29,,
469941,Room 1 Upstairs,1,209085,735b326c9d9a4d6a9f1ea51e9cfa5a29-PR0793,0,2024-01-26 15:42,2024-01-26 15:42,2024-03-30 10:15
470007,Room 2 Upstairs,1,209085,735b326c9d9a4d6a9f1ea51e9cfa5a29-PR0793,0,2024-01-26 15:42,2024-01-26 15:42,2024-03-30 10:15
470009,Room 3 Downstairs,1,209085,735b326c9d9a4d6a9f1ea51e9cfa5a29-PR0793,0,2024-01-26 15:42,2024-01-26 15:42,2024-03-30 10:15
470010,Room 4 Bunk Bed,1,209085,735b326c9d9a4d6a9f1ea51e9cfa5a29-PR0793,0,2024-01-26 15:42,2024-01-26 15:42,2024-03-30 10:15
470089,Villa Kelimpahan,1,221604,735b326c9d9a4d6a9f1ea51e9cfa5a29-PR0830,0,2024-01-27 09:55,2024-02-27 01:04,2024-02-27 01:04
470100,Villa Kekayaan,1,221604,735b326c9d9a4d6a9f1ea51e9cfa5a29-PR0830,0,2024-01-27 13:55,,
472447,Guesthouse,1,222238,735b326c9d9a4d6a9f1ea51e9cfa5a29-PR0810,0,2024-02-02 09:24,,
472846,3BR Villa 3A,1,182762,735b326c9d9a4d6a9f1ea51e9cfa5a29-PR0417,0,2024-02-05 11:09,,2024-02-27 01:04
473073,Guesthouse - Entire,1,222238,735b326c9d9a4d6a9f1ea51e9cfa5a29-PR0810,1,2024-02-09 09:03,,
474008,Villa Darina Entire,1,223071,735b326c9d9a4d6a9f1ea51e9cfa5a29-PR0840,0,2024-02-11 09:56,,
475544,Guesthouse,1,223864,735b326c9d9a4d6a9f1ea51e9cfa5a29-PR0838,0,2024-02-19 09:22,,2024-02-21 08:28
475730,Rumah Budi Susanto,1,223971,735b326c9d9a4d6a9f1ea51e9cfa5a29-PR0387,0,2024-02-24 04:31,2024-04-18 08:18,2024-04-18 08:18
476371,Villa,1,224310,735b326c9d9a4d6a9f1ea51e9cfa5a29-PR0847,0,2024-02-23 04:22,,
484257,Entire,1,228130,735b326c9d9a4d6a9f1ea51e9cfa5a29-PR0851,0,2024-03-31 10:25,,
484334,1BR Queen (Aki),1,228202,735b326c9d9a4d6a9f1ea51e9cfa5a29-PR0837,0,2024-04-01 07:21,,2024-04-01 10:14
484339,1BR Queen Pool View (Haru),1,228202,735b326c9d9a4d6a9f1ea51e9cfa5a29-PR0837,0,2024-04-01 10:14,,
484341,1BR Twin (Sendai),1,228202,735b326c9d9a4d6a9f1ea51e9cfa5a29-PR0837,0,2024-04-01 10:14,,
484344,1BR Queen (Mimo),1,228202,735b326c9d9a4d6a9f1ea51e9cfa5a29-PR0837,0,2024-04-01 10:14,,
484346,1BR Queen (Natsu),1,228202,735b326c9d9a4d6a9f1ea51e9cfa5a29-PR0837,0,2024-04-01 10:14,,2024-04-02 02:21
485580,Entire,1,216958,735b326c9d9a4d6a9f1ea51e9cfa5a29-PR0809,1,2024-04-06 04:24,,2024-04-06 08:18
485715,Villa Allua,1,228920,735b326c9d9a4d6a9f1ea51e9cfa5a29-PR0834,0,2024-04-07 04:26,,
488211,Entire,1,230369,735b326c9d9a4d6a9f1ea51e9cfa5a29-PR0852,0,2024-04-18 08:18,,2024-04-18 10:30
488549,1BR,0,214461,735b326c9d9a4d6a9f1ea51e9cfa5a29-PR0805,0,2024-04-19 07:22,,2024-04-24 06:30
488550,2BR,1,214461,735b326c9d9a4d6a9f1ea51e9cfa5a29-PR0805,1,2024-04-19 07:22,,
489035,Entire,1,228202,735b326c9d9a4d6a9f1ea51e9cfa5a29-PR0837,1,2024-04-22 09:56,,
490859,Guesthouse,1,231889,735b326c9d9a4d6a9f1ea51e9cfa5a29-PR0861,0,2024-04-30 04:19,,
492249,Villa 2,1,232500,735b326c9d9a4d6a9f1ea51e9cfa5a29-PR0864,0,2024-05-04 03:56,,
492256,Villa 1,1,232500,735b326c9d9a4d6a9f1ea51e9cfa5a29-PR0864,0,2024-05-04 07:38,,
492257,Villa 3,1,232500,735b326c9d9a4d6a9f1ea51e9cfa5a29-PR0864,0,2024-05-04 07:38,,
492258,Villa 4,1,232500,735b326c9d9a4d6a9f1ea51e9cfa5a29-PR0864,0,2024-05-04 07:38,,
492768,Villa,1,232795,735b326c9d9a4d6a9f1ea51e9cfa5a29-PR0858,0,2024-05-07 06:59,,
