room_id,unit_id,id,created_at,deleted_at,updated_at
376928,UN9999,1,2023-01-21 02:14,2023-01-21 02:23,2023-01-21 02:23
378260,UN0677,2,2023-01-21 02:14,,
378261,UN1417,3,2023-01-21 02:14,2023-09-26 06:10,2023-09-26 06:10
378263,UN1827,4,2023-01-21 02:14,2023-05-04 07:40,2023-05-04 07:40
378263,UN1828,5,2023-01-21 02:14,2023-05-04 07:40,2023-05-04 07:40
378263,UN1829,6,2023-01-21 02:14,2023-05-04 07:40,2023-05-04 07:40
378264,UN0664,7,2023-01-21 02:14,2023-02-01 10:41,2023-02-01 10:41
378266,UN0680,8,2023-01-21 02:14,,
378267,UN0679,9,2023-01-21 02:14,,
378268,UN0678,10,2023-01-21 02:14,,
378269,UN0679,11,2023-01-21 02:14,,
378269,UN0680,12,2023-01-21 02:14,,
381223,UN2113 ,13,2023-01-21 02:14,2023-02-01 12:58,2023-02-01 12:58
381223,UN2115,14,2023-01-21 02:14,2023-08-30 03:45,2023-08-30 03:45
381223,UN2120,15,2023-01-21 02:14,2023-08-30 03:45,2023-08-30 03:45
381225,UN2116,16,2023-01-21 02:14,2023-08-30 03:45,2023-08-30 03:45
381226,UN2797,17,2023-01-21 02:14,,
381227,UN1827,18,2023-01-21 02:14,2023-09-29 03:29,2023-09-29 03:29
381227,UN1828,19,2023-01-21 02:14,2023-09-29 03:29,2023-09-29 03:29
381227,UN1829,20,2023-01-21 02:14,2023-09-29 03:29,2023-09-29 03:29
381228,UN1999,21,2023-01-21 02:14,,
381229,UN0677,22,2023-01-21 02:14,2023-07-28 09:10,2023-07-28 09:10
381229,UN0678,23,2023-01-21 02:14,2023-07-28 09:10,2023-07-28 09:10
381229,UN0679,24,2023-01-21 02:14,2023-07-28 09:10,2023-07-28 09:10
381229,UN0680,25,2023-01-21 02:14,2023-07-28 09:10,2023-07-28 09:10
381230,UN0664,26,2023-01-21 02:14,2023-03-02 05:17,2023-03-02 05:17
381230,UN0666,27,2023-01-21 02:14,2023-03-02 05:17,2023-03-02 05:17
381230,UN0668,28,2023-01-21 02:14,2023-03-02 05:17,2023-03-02 05:17
381230,UN0669,29,2023-01-21 02:14,2023-03-02 05:17,2023-03-02 05:17
381230,UN2881,30,2023-01-21 02:14,2023-03-02 05:17,2023-03-02 05:17
381230,UN2882,31,2023-01-21 02:14,2023-03-02 05:17,2023-03-02 05:17
381595,UN1827,32,2023-01-21 02:14,2023-01-21 02:23,2023-01-21 02:23
381596,UN1828,33,2023-01-21 02:14,2023-01-21 02:23,2023-01-21 02:23
381597,UN1829,34,2023-01-21 02:14,2023-01-21 02:23,2023-01-21 02:23
387364,UN2081,35,2023-01-21 02:14,2023-11-08 07:05,2023-11-08 07:05
387365,UN2784,36,2023-01-21 02:14,2023-11-08 07:05,2023-11-08 07:05
387366,UN1900,37,2023-01-21 02:14,2023-11-08 07:05,2023-11-08 07:05
387367,UN2782,38,2023-01-21 02:14,2023-09-29 03:29,2023-09-29 03:29
387368,UN2821,39,2023-01-21 02:14,2023-08-30 03:45,2023-08-30 03:45
387369,UN2788,40,2023-01-21 02:14,,
387370,UN2760,41,2023-01-21 02:14,,
387372,UN2844,42,2023-01-21 02:14,2023-11-08 07:05,2023-11-08 07:05
387373,UN2785,43,2023-01-21 02:14,,
387374,UN2851,44,2023-01-21 02:14,2023-08-22 08:08,2023-08-22 08:08
387375,UN2703,45,2023-01-21 02:14,2023-11-08 07:05,2023-11-08 07:05
387376,UN1471,46,2023-01-21 02:14,2023-11-08 07:05,2023-11-08 07:05
391675,UN2801,235,2023-01-21 02:52,2023-09-02 04:53,2023-09-02 04:53
391675,UN2802,236,2023-01-21 02:52,2023-09-02 04:53,2023-09-02 04:53
391675,UN2803,237,2023-01-21 02:52,2023-09-02 04:53,2023-09-02 04:53
391880,UN2804,238,2023-01-21 02:52,2023-09-02 04:53,2023-09-02 04:53
391880,UN2805,239,2023-01-21 02:52,2023-09-02 04:53,2023-09-02 04:53
391676,UN2296,240,2023-01-21 02:52,2023-05-04 04:56,2023-05-04 04:56
391676,UN2306,241,2023-01-21 02:52,2023-05-04 04:56,2023-05-04 04:56
391676,UN2307,242,2023-01-21 02:52,2023-05-04 04:56,2023-05-04 04:56
391676,UN2308,243,2023-01-21 02:52,2023-05-04 04:56,2023-05-04 04:56
391678,UN2863,244,2023-01-21 02:52,2023-10-08 07:47,2023-10-08 07:47
391678,UN2864,245,2023-01-21 02:52,2023-10-08 07:47,2023-10-08 07:47
391679,UN2866,246,2023-01-21 02:52,2023-10-08 07:47,2023-10-08 07:47
391680,UN1970,247,2023-01-21 02:52,,
391680,UN1974,248,2023-01-21 02:52,,
391680,UN1975,249,2023-01-21 02:52,,
391680,UN1976,250,2023-01-21 02:52,,
391680,UN1977,251,2023-01-21 02:52,,
391681,UN2659,252,2023-01-21 02:52,2023-08-04 09:14,2023-08-04 09:14
391681,UN2660,253,2023-01-21 02:52,2023-08-04 09:14,2023-08-04 09:14
391681,UN2661,254,2023-01-21 02:52,2023-08-04 09:14,2023-08-04 09:14
391681,UN2662,255,2023-01-21 02:52,2023-08-04 09:14,2023-08-04 09:14
391682,UN2799,256,2023-01-21 02:52,2023-02-27 09:43,2023-02-27 09:43
391683,UN2794,257,2023-01-21 02:52,,
391683,UN2795,258,2023-01-21 02:52,,
391684,UN2566,259,2023-01-21 02:53,2023-02-22 09:13,2023-02-22 09:13
391684,UN2735,260,2023-01-21 02:53,2023-02-22 09:13,2023-02-22 09:13
391684,UN2736,261,2023-01-21 02:53,2023-02-22 09:13,2023-02-22 09:13
391684,UN2737,262,2023-01-21 02:53,2023-02-22 09:13,2023-02-22 09:13
391684,UN2738,263,2023-01-21 02:53,2023-02-22 09:13,2023-02-22 09:13
391684,UN2739,264,2023-01-21 02:53,2023-02-22 09:13,2023-02-22 09:13
391684,UN2740,265,2023-01-21 02:53,,
391684,UN2741,266,2023-01-21 02:53,,
391684,UN2742,267,2023-01-21 02:53,,
391684,UN2820,268,2023-01-21 02:53,,
391698,UN2051,269,2023-01-21 02:53,2023-06-03 05:12,2023-06-03 05:12
391876,UN2518,270,2023-01-21 02:53,2023-08-30 03:45,2023-08-30 03:45
391876,UN2519,271,2023-01-21 02:53,2023-08-30 03:45,2023-08-30 03:45
391876,UN2520,272,2023-01-21 02:53,2023-08-30 03:45,2023-08-30 03:45
391876,UN2522,273,2023-01-21 02:53,2023-08-30 03:45,2023-08-30 03:45
392608,UN2885,274,2023-01-21 02:53,2023-09-29 03:29,2023-09-29 03:29
393184,UN2796,275,2023-01-21 02:53,2023-05-04 08:19,2023-05-04 08:19
393185,UN2521,276,2023-01-21 02:53,2023-08-30 03:45,2023-08-30 03:45
393186,UN2052,277,2023-01-21 02:53,2024-02-11 09:56,2024-02-11 09:56
393186,UN2053,278,2023-01-21 02:53,2024-02-11 09:56,2024-02-11 09:56
393186,UN2054,279,2023-01-21 02:53,2024-02-11 09:56,2024-02-11 09:56
393187,UN2306,280,2023-01-21 02:53,2023-11-08 07:05,2023-11-08 07:05
393187,UN2307,281,2023-01-21 02:53,2023-11-08 07:05,2023-11-08 07:05
393187,UN2308,282,2023-01-21 02:53,2023-05-04 04:56,2023-05-04 04:56
393188,UN1970,283,2023-01-21 02:53,2023-07-22 07:48,2023-07-22 07:48
393188,UN1974,284,2023-01-21 02:53,2023-07-22 07:48,2023-07-22 07:48
393188,UN1975,285,2023-01-21 02:53,2023-07-22 07:48,2023-07-22 07:48
393188,UN1976,286,2023-01-21 02:53,2023-07-22 07:48,2023-07-22 07:48
393188,UN1977,287,2023-01-21 02:53,2023-07-22 07:48,2023-07-22 07:48
393189,UN2663,288,2023-01-21 02:53,,
393191,UN2659,289,2023-01-21 02:53,,
393191,UN2660,290,2023-01-21 02:53,,
393191,UN2661,291,2023-01-21 02:53,,
393191,UN2662,292,2023-01-21 02:53,,
393191,UN2807,293,2023-01-21 02:53,2023-05-29 09:08,2023-05-29 09:08
393192,UN2739,294,2023-01-21 02:53,2023-02-04 04:03,2023-02-04 04:03
393192,UN2740,295,2023-01-21 02:53,2023-05-04 08:58,2023-05-04 08:58
393192,UN2741,296,2023-01-21 02:53,2023-05-04 08:58,2023-05-04 08:58
393192,UN2742,297,2023-01-21 02:53,2023-02-04 04:03,2023-02-04 04:03
393192,UN2820,298,2023-01-21 02:53,2023-02-04 04:03,2023-02-04 04:03
393193,UN2124,299,2023-01-21 02:53,,
393193,UN2125,300,2023-01-21 02:53,,
393193,UN2126,301,2023-01-21 02:53,,
393193,UN2127,302,2023-01-21 02:53,,
393194,UN2255,303,2023-01-21 02:53,2023-06-06 09:26,2023-06-06 09:26
393194,UN2256,304,2023-01-21 02:53,2023-06-06 09:26,2023-06-06 09:26
393194,UN2257,305,2023-01-21 02:53,,
393194,UN2260,306,2023-01-21 02:53,,
393195,UN2219,307,2023-01-21 02:53,2023-11-08 07:05,2023-11-08 07:05
393195,UN2230,308,2023-01-21 02:53,2023-11-08 07:05,2023-11-08 07:05
393195,UN2232,309,2023-01-21 02:53,2023-11-08 07:05,2023-11-08 07:05
393195,UN2237,310,2023-01-21 02:53,2023-11-08 07:05,2023-11-08 07:05
393195,UN2292,311,2023-01-21 02:53,2023-11-08 07:05,2023-11-08 07:05
393196,UN2134,312,2023-01-21 02:53,2024-01-24 03:33,2024-01-24 03:33
393196,UN2135,313,2023-01-21 02:53,2024-01-24 03:33,2024-01-24 03:33
393196,UN2136,314,2023-01-21 02:53,2024-01-24 03:33,2024-01-24 03:33
393197,UN2872,315,2023-01-21 02:53,,
393198,UN2192,316,2023-01-21 02:53,2024-01-06 04:00,2024-01-06 04:00
393198,UN2193,317,2023-01-21 02:53,2024-01-06 04:00,2024-01-06 04:00
393198,UN2194,318,2023-01-21 02:53,2024-01-06 04:00,2024-01-06 04:00
393201,UN2195,319,2023-01-21 02:53,2024-01-06 04:00,2024-01-06 04:00
393202,UN2192,320,2023-01-21 02:53,2024-01-06 04:00,2024-01-06 04:00
393202,UN2193,321,2023-01-21 02:53,2024-01-06 04:00,2024-01-06 04:00
393202,UN2194,322,2023-01-21 02:53,2024-01-06 04:00,2024-01-06 04:00
393202,UN2195,323,2023-01-21 02:53,2024-01-06 04:00,2024-01-06 04:00
393203,UN1864,324,2023-01-21 02:53,2024-01-06 04:00,2024-01-06 04:00
393204,UN1865,325,2023-01-21 02:53,2024-01-06 04:00,2024-01-06 04:00
393205,UN2194,326,2023-01-21 02:53,2023-02-01 12:58,2023-02-01 12:58
393205,UN2195,327,2023-01-21 02:53,2023-02-01 12:58,2023-02-01 12:58
393206,UN2192,328,2023-01-21 02:53,2024-01-06 04:00,2024-01-06 04:00
393206,UN2193,329,2023-01-21 02:53,2024-01-06 04:00,2024-01-06 04:00
393206,UN2194,330,2023-01-21 02:53,2024-01-06 04:00,2024-01-06 04:00
393207,UN2001,331,2023-01-21 02:53,,
393209,UN2003,332,2023-01-21 02:53,,
393264,UN2000,333,2023-01-21 02:53,2023-04-19 16:13,2023-04-19 16:13
393265,UN2002,334,2023-01-21 02:53,2023-04-19 16:13,2023-04-19 16:13
395240,UN2659,336,2023-01-28 09:00,,
395240,UN2660,337,2023-01-28 09:00,,
395240,UN2661,338,2023-01-28 09:00,,
395240,UN2662,339,2023-01-28 09:00,,
395240,UN2663,340,2023-01-28 09:00,,
395240,UN2807,341,2023-01-28 09:00,,
393205,UN2192,342,2023-01-28 09:00,2024-01-06 04:00,2024-01-06 04:00
393205,UN2193,343,2023-01-28 09:00,2024-01-06 04:00,2024-01-06 04:00
393208,UN2000,344,2023-01-28 09:00,2023-04-19 16:13,2023-04-19 16:13
393208,UN2001,345,2023-01-28 09:00,,
393208,UN2002,346,2023-01-28 09:00,2023-04-19 16:13,2023-04-19 16:13
393208,UN2003,347,2023-01-28 09:00,,
394907,UN2720,348,2023-01-28 09:00,2024-01-22 02:48,2024-01-22 02:48
394908,UN0165,349,2023-01-28 09:00,,
394908,UN1536,350,2023-01-28 09:00,,
394908,UN1537,351,2023-01-28 09:00,,
394908,UN1538,352,2023-01-28 09:00,,
394909,UN1540,353,2023-01-28 09:00,2023-02-04 05:57,2023-02-04 05:57
394910,UN2808,354,2023-01-28 09:00,,
394910,UN2809,355,2023-01-28 09:00,,
394910,UN2810,356,2023-01-28 09:00,,
394911,UN2852,357,2023-01-28 09:00,,
394912,UN2808,358,2023-01-28 09:00,,
394912,UN2809,359,2023-01-28 09:00,,
394912,UN2810,360,2023-01-28 09:00,,
394913,UN0366,361,2023-01-28 09:00,,
394913,UN0367,362,2023-01-28 09:00,,
394913,UN0368,363,2023-01-28 09:00,,
394913,UN0369,364,2023-01-28 09:00,,
394913,UN0370,365,2023-01-28 09:00,2023-05-05 06:37,2023-05-05 06:37
394913,UN0371,366,2023-01-28 09:00,2023-05-05 06:37,2023-05-05 06:37
394914,UN0372,367,2023-01-28 09:00,2023-05-05 06:37,2023-05-05 06:37
394914,UN0373,368,2023-01-28 09:00,2023-05-05 06:37,2023-05-05 06:37
394914,UN0374,369,2023-01-28 09:00,2023-05-05 06:37,2023-05-05 06:37
394914,UN0375,370,2023-01-28 09:00,2023-05-05 06:37,2023-05-05 06:37
394914,UN0376,371,2023-01-28 09:00,2023-05-22 18:45,2023-05-22 18:45
394914,UN0377,372,2023-01-28 09:00,2023-05-22 18:45,2023-05-22 18:45
394915,UN0367,373,2023-01-28 09:00,,2023-02-09 06:14
394915,UN0368,374,2023-01-28 09:00,,
394915,UN0375,375,2023-01-28 09:00,2023-05-05 06:37,2023-05-05 06:37
394915,UN0376,376,2023-01-28 09:00,2023-05-05 06:37,2023-05-05 06:37
394916,UN2759,377,2023-01-28 09:00,,
394916,UN2770,378,2023-01-28 09:00,,
394916,UN2771,379,2023-01-28 09:00,,
394916,UN2772,380,2023-01-28 09:00,,
394916,UN2773,381,2023-01-28 09:00,,
394916,UN2774,382,2023-01-28 09:00,,
381223,UN2113,383,2023-02-01 12:59,2023-08-30 03:45,2023-08-30 03:45
391678,UN2865,384,2023-02-01 12:59,2023-10-08 07:47,2023-10-08 07:47
395715,UN2126,385,2023-02-01 12:59,,
395715,UN2125,386,2023-02-01 12:59,,
395715,UN2124,387,2023-02-01 12:59,,
395971,UN1539,388,2023-02-01 12:59,2023-07-07 02:46,2023-07-07 02:46
395983,UN2545,389,2023-02-01 12:59,,
395983,UN2546,390,2023-02-01 12:59,,
395983,UN2547,391,2023-02-01 12:59,,
395983,UN2548,392,2023-02-01 12:59,2023-02-04 04:03,2023-02-04 04:03
395983,UN2549,393,2023-02-01 12:59,,
395992,UN2454,394,2023-02-01 12:59,,
395992,UN2456,395,2023-02-01 12:59,,
395986,UN2446,396,2023-02-01 12:59,2023-02-04 04:03,2023-02-04 04:03
395986,UN2447,397,2023-02-01 12:59,2023-02-04 04:03,2023-02-04 04:03
395986,UN2448,398,2023-02-01 12:59,2023-02-04 04:03,2023-02-04 04:03
395987,UN0739,399,2023-02-01 12:59,2023-02-10 04:34,2023-02-10 04:34
395987,UN0736,400,2023-02-01 12:59,2023-02-10 04:34,2023-02-10 04:34
395987,UN0751,401,2023-02-01 12:59,2023-02-10 04:34,2023-02-10 04:34
395987,UN0750,402,2023-02-01 12:59,2023-02-10 04:34,2023-02-10 04:34
395987,UN0735,403,2023-02-01 12:59,2023-02-10 04:34,2023-02-10 04:34
395988,UN1000,404,2023-02-01 12:59,2023-02-15 08:33,2023-02-15 08:33
395988,UN1001,405,2023-02-01 12:59,2023-02-15 08:33,2023-02-15 08:33
395988,UN1002,406,2023-02-01 12:59,2023-02-15 08:33,2023-02-15 08:33
395988,UN1007,407,2023-02-01 12:59,2023-02-15 08:33,2023-02-15 08:33
395988,UN1008,408,2023-02-01 12:59,2023-02-15 08:33,2023-02-15 08:33
395988,UN1010,409,2023-02-01 12:59,2023-02-15 08:33,2023-02-15 08:33
395989,UN1173,410,2023-02-01 12:59,,
395989,UN1169,411,2023-02-01 12:59,,
395989,UN1170,412,2023-02-01 12:59,,
395989,UN1172,413,2023-02-01 12:59,,
395990,UN2262,414,2023-02-01 12:59,,
393192,UN2737,415,2023-02-04 04:04,2023-05-04 08:58,2023-05-04 08:58
393192,UN2736,416,2023-02-04 04:04,2023-05-04 08:58,2023-05-04 08:58
393192,UN2735,417,2023-02-04 04:04,2023-05-04 08:58,2023-05-04 08:58
396232,UN2446,418,2023-02-04 04:04,2023-05-28 07:01,2023-05-28 07:01
396232,UN2448,419,2023-02-04 04:04,2023-05-28 07:01,2023-05-28 07:01
396232,UN2447,420,2023-02-04 04:04,2023-06-22 10:29,2023-06-22 10:29
396422,UN2757,421,2023-02-04 04:04,,
396423,UN2786,422,2023-02-04 04:04,,
396427,UN1538,423,2023-02-04 04:04,2023-02-04 05:57,2023-02-04 05:57
396427,UN1537,424,2023-02-04 04:04,2023-02-04 05:57,2023-02-04 05:57
396427,UN0165,425,2023-02-04 04:04,2023-02-04 05:57,2023-02-04 05:57
396427,UN1536,426,2023-02-04 04:04,2023-02-04 05:57,2023-02-04 05:57
396428,UN1722,427,2023-02-04 04:04,2023-07-22 14:36,2023-07-22 14:36
396428,UN1724,428,2023-02-04 04:04,2023-07-22 14:36,2023-07-22 14:36
396428,UN1729,429,2023-02-04 04:04,2023-07-22 14:36,2023-07-22 14:36
396428,UN1730,430,2023-02-04 04:04,2023-07-22 14:36,2023-07-22 14:36
396428,UN2371,431,2023-02-04 04:04,2023-07-22 14:36,2023-07-22 14:36
396428,UN2377,432,2023-02-04 04:04,2023-07-22 14:36,2023-07-22 14:36
396429,UN0257,433,2023-02-04 04:04,2023-09-12 04:02,2023-09-12 04:02
396429,UN0259,434,2023-02-04 04:04,2023-09-12 04:02,2023-09-12 04:02
396429,UN0260,435,2023-02-04 04:04,2023-09-12 04:02,2023-09-12 04:02
396430,UN0258,436,2023-02-04 04:04,2023-09-12 04:02,2023-09-12 04:02
396429,UN0256,437,2023-02-04 04:04,2023-09-12 04:02,2023-09-12 04:02
396431,UN2196,438,2023-02-04 04:04,,
396432,UN2355,439,2023-02-04 04:04,2024-02-05 11:09,2024-02-05 11:09
396432,UN2213,440,2023-02-04 04:04,2023-08-15 04:09,2023-08-15 04:09
396433,UN0738,441,2023-02-04 04:04,2023-06-22 10:29,2023-06-22 10:29
396433,UN0731,442,2023-02-04 04:04,2023-03-16 09:04,2023-03-16 09:04
396433,UN0733,443,2023-02-04 04:04,2023-06-22 10:29,2023-06-22 10:29
396434,UN2755,444,2023-02-04 04:04,2023-08-30 03:45,2023-08-30 03:45
396435,UN2761,445,2023-02-04 04:04,,
396437,UN2732,446,2023-02-04 04:04,,
396438,UN1169,447,2023-02-04 04:04,2023-05-04 10:42,2023-05-04 10:42
396438,UN1170,448,2023-02-04 04:04,2023-05-04 10:42,2023-05-04 10:42
396438,UN1172,449,2023-02-04 04:04,2023-05-04 10:42,2023-05-04 10:42
396438,UN1173,450,2023-02-04 04:04,2023-05-04 10:42,2023-05-04 10:42
396440,UN1897,451,2023-02-04 04:04,,
396440,UN1898,452,2023-02-04 04:04,,
396441,UN1897,453,2023-02-04 04:04,,
396441,UN1898,454,2023-02-04 04:04,,
396442,UN2444,455,2023-02-04 04:04,,
396443,UN1223,456,2023-02-04 04:04,,
396444,UN2734,457,2023-02-04 04:04,2023-08-30 03:45,2023-08-30 03:45
396445,UN2266,458,2023-02-04 04:04,,
396446,UN2790,459,2023-02-04 04:04,,
396658,UN1540,460,2023-02-04 06:00,2023-07-07 02:46,2023-07-07 02:46
397404,UN2453,462,2023-02-09 05:45,2023-02-13 05:00,2023-02-13 05:00
397404,UN2452,463,2023-02-09 05:45,2023-02-13 05:00,2023-02-13 05:00
397403,UN2451,464,2023-02-09 05:45,2023-02-13 05:00,2023-02-13 05:00
397403,UN2450,465,2023-02-09 05:45,2023-02-13 05:00,2023-02-13 05:00
397403,UN2448,466,2023-02-09 05:45,2023-02-13 05:00,2023-02-13 05:00
397400,UN2449,467,2023-02-09 05:45,2023-02-13 05:00,2023-02-13 05:00
397400,UN2446,468,2023-02-09 05:45,2023-02-13 05:00,2023-02-13 05:00
397399,UN0742,469,2023-02-09 05:45,2023-02-13 05:00,2023-02-13 05:00
397399,UN0740,470,2023-02-09 05:45,2023-02-13 05:00,2023-02-13 05:00
397396,UN0737,471,2023-02-09 05:45,2023-02-13 05:00,2023-02-13 05:00
397396,UN0734,472,2023-02-09 05:45,2023-02-13 05:00,2023-02-13 05:00
397400,UN2447,473,2023-02-09 05:45,2023-02-13 05:00,2023-02-13 05:00
397394,UN0750,474,2023-02-09 05:45,2023-02-13 05:00,2023-02-13 05:00
397396,UN0732,475,2023-02-09 05:45,2023-02-13 05:00,2023-02-13 05:00
397394,UN0744,476,2023-02-09 05:45,2023-02-13 05:00,2023-02-13 05:00
397394,UN0746,477,2023-02-09 05:45,2023-02-13 05:00,2023-02-13 05:00
397405,UN0741,478,2023-02-09 05:45,2023-03-16 03:45,2023-03-16 03:45
397405,UN0748,479,2023-02-09 05:45,2023-03-16 03:45,2023-03-16 03:45
397405,UN0747,480,2023-02-09 05:45,2023-03-16 03:45,2023-03-16 03:45
396433,UN0745,481,2023-02-09 05:45,2023-06-22 10:29,2023-06-22 10:29
397665,UN2599,482,2023-02-10 04:35,,
397665,UN2602,483,2023-02-10 04:35,,
397665,UN2603,484,2023-02-10 04:35,,
397666,UN2818,485,2023-02-10 04:35,2023-08-30 07:56,2023-08-30 07:56
397666,UN2813,486,2023-02-10 04:35,2023-08-30 07:56,2023-08-30 07:56
397666,UN2815,487,2023-02-10 04:35,2023-08-30 07:56,2023-08-30 07:56
397666,UN2814,488,2023-02-10 04:35,2023-08-30 07:56,2023-08-30 07:56
397666,UN2816,489,2023-02-10 04:35,2023-08-30 07:56,2023-08-30 07:56
397667,UN2500,490,2023-02-10 04:35,,
397667,UN2501,491,2023-02-10 04:35,,
397667,UN2502,492,2023-02-10 04:35,,
397667,UN2503,493,2023-02-10 04:35,,
397667,UN2504,494,2023-02-10 04:35,,
397667,UN2505,495,2023-02-10 04:35,,
397714,UN1729,496,2023-02-10 04:35,,
397714,UN1730,497,2023-02-10 04:35,,
397714,UN1724,498,2023-02-10 04:35,,
397668,UN2377,499,2023-02-10 04:35,,
397668,UN2371,500,2023-02-10 04:35,,
397714,UN1722,501,2023-02-10 04:35,,
397669,UN2534,502,2023-02-10 04:35,,
397669,UN2535,503,2023-02-10 04:35,,
397669,UN2536,504,2023-02-10 04:35,,
397670,UN2532,505,2023-02-10 04:35,,
397670,UN2533,506,2023-02-10 04:35,,
397701,UN1947,507,2023-02-10 04:35,,
397671,UN1944,508,2023-02-10 04:35,,
397672,UN1945,509,2023-02-10 04:35,,
397673,UN1948,510,2023-02-10 04:35,,
397674,UN2364,511,2023-02-10 04:35,2024-02-09 09:03,2024-02-09 09:03
397674,UN2365,512,2023-02-10 04:35,2024-02-09 09:03,2024-02-09 09:03
397674,UN2362,513,2023-02-10 04:35,2024-02-09 09:03,2024-02-09 09:03
397674,UN2361,514,2023-02-10 04:35,2024-02-09 09:03,2024-02-09 09:03
397674,UN2363,515,2023-02-10 04:35,2024-02-09 09:03,2024-02-09 09:03
397674,UN2359,516,2023-02-10 04:35,2024-02-09 09:03,2024-02-09 09:03
397674,UN2360,517,2023-02-10 04:35,2024-02-09 09:03,2024-02-09 09:03
397674,UN2358,518,2023-02-10 04:35,2024-02-09 09:03,2024-02-09 09:03
397674,UN2357,519,2023-02-10 04:35,2024-02-09 09:03,2024-02-09 09:03
397675,UN2408,520,2023-02-10 04:35,,
397675,UN2470,521,2023-02-10 04:35,,
397675,UN2407,522,2023-02-10 04:35,,
397675,UN2468,523,2023-02-10 04:35,,
397675,UN2467,524,2023-02-10 04:35,,
397675,UN2469,525,2023-02-10 04:35,,
397676,UN2847,526,2023-02-10 04:35,,
397676,UN2848,527,2023-02-10 04:35,,
397676,UN2849,528,2023-02-10 04:35,,
397676,UN2850,529,2023-02-10 04:35,,
397677,UN2498,530,2023-02-10 04:35,,
397677,UN2499,531,2023-02-10 04:35,,
397677,UN2497,532,2023-02-10 04:35,,
397677,UN2493,533,2023-02-10 04:35,,
397677,UN2495,534,2023-02-10 04:35,,
397677,UN2494,535,2023-02-10 04:35,,
397677,UN2496,536,2023-02-10 04:35,,
397678,UN2867,537,2023-02-10 04:35,,
397678,UN2868,538,2023-02-10 04:35,,
397678,UN2869,539,2023-02-10 04:35,,
397678,UN2870,540,2023-02-10 04:35,,
397678,UN2871,541,2023-02-10 04:35,,
397679,UN2318,542,2023-02-10 04:35,,
397680,UN2287,543,2023-02-10 04:35,,
397679,UN2313,544,2023-02-10 04:35,,
397679,UN2288,545,2023-02-10 04:35,,
397679,UN2298,546,2023-02-10 04:35,,
397679,UN2293,547,2023-02-10 04:35,,
397679,UN2301,548,2023-02-10 04:35,,
397682,UN2238,549,2023-02-10 04:35,2023-08-30 03:45,2023-08-30 03:45
397682,UN2239,550,2023-02-10 04:35,2023-08-30 03:45,2023-08-30 03:45
397683,UN2883,551,2023-02-10 04:35,2023-08-30 03:45,2023-08-30 03:45
397686,UN2095,552,2023-02-10 04:35,2024-01-24 03:33,2024-01-24 03:33
397686,UN2094,553,2023-02-10 04:35,2024-01-24 03:33,2024-01-24 03:33
397686,UN2093,554,2023-02-10 04:35,2024-01-24 03:33,2024-01-24 03:33
397686,UN2092,555,2023-02-10 04:35,2024-01-24 03:33,2024-01-24 03:33
397685,UN0718,556,2023-02-10 04:35,2024-01-24 03:33,2024-01-24 03:33
397685,UN0713,557,2023-02-10 04:35,2024-01-24 03:33,2024-01-24 03:33
397685,UN0711,558,2023-02-10 04:35,2024-01-24 03:33,2024-01-24 03:33
397685,UN0710,559,2023-02-10 04:35,2024-01-24 03:33,2024-01-24 03:33
397684,UN1963,560,2023-02-10 04:35,2024-01-24 03:33,2024-01-24 03:33
397684,UN1962,561,2023-02-10 04:35,2024-01-24 03:33,2024-01-24 03:33
397684,UN1959,562,2023-02-10 04:35,2024-01-24 03:33,2024-01-24 03:33
397684,UN1958,563,2023-02-10 04:35,2024-01-24 03:33,2024-01-24 03:33
397685,UN0712,564,2023-02-10 04:35,2024-01-24 03:33,2024-01-24 03:33
397946,UN0751,565,2023-02-10 04:35,2024-03-24 01:27,2024-03-24 01:27
397946,UN0739,566,2023-02-10 04:35,2024-03-24 01:27,2024-03-24 01:27
397946,UN0735,567,2023-02-10 04:35,2024-03-24 01:27,2024-03-24 01:27
397946,UN0750,568,2023-02-10 04:35,2024-03-24 01:27,2024-03-24 01:27
397946,UN0736,569,2023-02-10 04:35,2024-03-24 01:27,2024-03-24 01:27
397711,UN2449,570,2023-02-10 04:35,2023-03-16 03:45,2023-03-16 03:45
397711,UN2447,571,2023-02-10 04:35,2024-03-24 01:27,2024-03-24 01:27
397711,UN2446,572,2023-02-10 04:35,2023-03-16 03:45,2023-03-16 03:45
397711,UN2448,573,2023-02-10 04:35,2023-03-16 03:45,2023-03-16 03:45
397688,UN1485,574,2023-02-10 04:35,2023-08-30 03:45,2023-08-30 03:45
397688,UN1484,575,2023-02-10 04:35,2023-08-30 03:45,2023-08-30 03:45
397688,UN1483,576,2023-02-10 04:35,2023-08-30 03:45,2023-08-30 03:45
397688,UN1481,577,2023-02-10 04:35,2023-08-30 03:45,2023-08-30 03:45
397688,UN1482,578,2023-02-10 04:35,2023-08-30 03:45,2023-08-30 03:45
397688,UN1479,579,2023-02-10 04:35,2023-08-30 03:45,2023-08-30 03:45
397688,UN1478,580,2023-02-10 04:35,2023-08-30 03:45,2023-08-30 03:45
397688,UN1477,581,2023-02-10 04:35,2023-08-30 03:45,2023-08-30 03:45
397688,UN1480,582,2023-02-10 04:35,2023-08-30 03:45,2023-08-30 03:45
397739,UN1397,583,2023-02-10 04:35,,
397739,UN1401,584,2023-02-10 04:35,,
397739,UN1400,585,2023-02-10 04:35,,
397739,UN1399,586,2023-02-10 04:35,,
397739,UN1398,587,2023-02-10 04:35,,
397739,UN1396,588,2023-02-10 04:35,,
397689,UN1398,589,2023-02-10 04:35,,
397689,UN1400,590,2023-02-10 04:35,,
397689,UN1399,591,2023-02-10 04:35,,
397689,UN1397,592,2023-02-10 04:35,,
397689,UN1396,593,2023-02-10 04:35,,
397689,UN1395,594,2023-02-10 04:35,,
397739,UN1395,595,2023-02-10 04:35,,
397691,UN1014,596,2023-02-10 04:35,,
397720,UN1014,597,2023-02-10 04:35,,
397691,UN1017,598,2023-02-10 04:35,,
397691,UN1016,599,2023-02-10 04:35,,
397720,UN1002,600,2023-02-10 04:35,,
397691,UN1015,601,2023-02-10 04:35,,
397690,UN1010,602,2023-02-10 04:35,2023-03-25 11:07,2023-03-25 11:07
397690,UN1003,603,2023-02-10 04:35,,
397690,UN1007,604,2023-02-10 04:35,,
397690,UN1004,605,2023-02-10 04:35,,
397690,UN1002,606,2023-02-10 04:35,,
397690,UN1001,607,2023-02-10 04:35,,
397690,UN1000,608,2023-02-10 04:35,,
397690,UN1008,609,2023-02-10 04:35,,
397692,UN2395,610,2023-02-10 04:35,,
397692,UN2396,611,2023-02-10 04:35,,
397692,UN2397,612,2023-02-10 04:35,,
397692,UN2398,613,2023-02-10 04:35,,
397692,UN2399,614,2023-02-10 04:35,,
397693,UN2442,615,2023-02-10 04:35,,
397693,UN2439,616,2023-02-10 04:35,,
397693,UN2437,617,2023-02-10 04:35,,
397693,UN2436,618,2023-02-10 04:35,,
397694,UN2538,619,2023-02-10 04:35,,
397695,UN2043,620,2023-02-10 04:35,2024-01-06 04:00,2024-01-06 04:00
397696,UN2097,621,2023-02-10 04:35,2024-01-06 04:00,2024-01-06 04:00
397697,UN2201,622,2023-02-10 04:35,2024-01-06 04:00,2024-01-06 04:00
397699,UN2389,623,2023-02-10 04:35,,
397698,UN2393,624,2023-02-10 04:35,,
397698,UN2394,625,2023-02-10 04:35,,
397699,UN2386,626,2023-02-10 04:35,,
397699,UN2390,627,2023-02-10 04:35,,
397715,UN2491,628,2023-02-10 04:35,2023-11-08 07:05,2023-11-08 07:05
397715,UN2490,629,2023-02-10 04:35,2023-11-08 07:05,2023-11-08 07:05
397715,UN2492,630,2023-02-10 04:35,2023-11-08 07:05,2023-11-08 07:05
397690,UN1009,631,2023-02-12 04:31,,
398335,UN0744,632,2023-02-13 05:00,2023-03-16 03:45,2023-03-16 03:45
398335,UN0746,633,2023-02-13 05:00,2023-03-16 03:45,2023-03-16 03:45
398335,UN0734,634,2023-02-13 05:00,2023-03-16 03:45,2023-03-16 03:45
398335,UN0732,635,2023-02-13 05:00,2023-03-16 03:45,2023-03-16 03:45
398335,UN0737,636,2023-02-13 05:00,2023-03-16 03:45,2023-03-16 03:45
398335,UN0750,637,2023-02-13 05:00,2023-02-15 08:33,2023-02-15 08:33
397711,UN2452,638,2023-02-13 05:00,2023-03-16 03:45,2023-03-16 03:45
397711,UN2453,639,2023-02-13 05:00,2024-03-24 01:27,2024-03-24 01:27
397711,UN2451,640,2023-02-13 05:00,2024-03-24 01:27,2024-03-24 01:27
397711,UN2450,641,2023-02-13 05:00,2023-05-12 08:22,2023-05-12 08:22
398335,UN0740,642,2023-02-13 05:00,2023-03-16 03:45,2023-03-16 03:45
398335,UN0742,643,2023-02-13 05:00,2023-03-16 03:45,2023-03-16 03:45
397743,UN2097,644,2023-02-13 05:00,2024-01-06 04:00,2024-01-06 04:00
397743,UN2043,645,2023-02-13 05:00,2024-01-06 04:00,2024-01-06 04:00
397743,UN2201,646,2023-02-13 05:00,2024-01-06 04:00,2024-01-06 04:00
396433,UN0743,647,2023-02-15 08:34,2023-03-16 09:04,2023-03-16 09:04
398561,UN1482,648,2023-02-15 08:34,2023-08-30 03:45,2023-08-30 03:45
398561,UN1481,649,2023-02-15 08:34,2023-08-30 03:45,2023-08-30 03:45
397691,UN1018,650,2023-02-15 08:34,,
397971,UN1005,651,2023-02-15 08:34,,
397972,UN1012,652,2023-02-15 08:34,,
397972,UN1011,653,2023-02-15 08:34,,
397971,UN1006,654,2023-02-15 08:34,,
398514,UN0222,655,2023-02-15 08:34,2024-01-20 06:02,2024-01-20 06:02
398515,UN0228,656,2023-02-15 08:34,2023-05-04 07:40,2023-05-04 07:40
398515,UN0219,657,2023-02-15 08:34,2024-01-20 06:02,2024-01-20 06:02
398514,UN0221,658,2023-02-15 08:34,2023-06-23 04:45,2023-06-23 04:45
398513,UN0226,659,2023-02-15 08:34,2024-01-20 06:02,2024-01-20 06:02
398513,UN0225,660,2023-02-15 08:34,2023-06-26 07:08,2023-06-26 07:08
398513,UN0224,661,2023-02-15 08:34,2024-01-20 06:02,2024-01-20 06:02
398513,UN0222,662,2023-02-15 08:34,2024-01-20 06:02,2024-01-20 06:02
398513,UN0221,663,2023-02-15 08:34,2023-06-26 07:08,2023-06-26 07:08
398513,UN0227,664,2023-02-15 08:34,2023-06-26 07:08,2023-06-26 07:08
398516,UN2854,665,2023-02-15 08:34,2023-09-04 16:49,2023-09-04 16:49
398517,UN2856,666,2023-02-15 08:34,,
398519,UN0386,667,2023-02-15 08:34,,
398519,UN0385,668,2023-02-15 08:34,,
398519,UN0382,669,2023-02-15 08:34,,
398519,UN0383,670,2023-02-15 08:34,2023-08-30 07:56,2023-08-30 07:56
398519,UN0384,671,2023-02-15 08:34,,
398520,UN0604,672,2023-02-15 08:34,,
398520,UN0602,673,2023-02-15 08:34,,
398520,UN0603,674,2023-02-15 08:34,,
398520,UN0605,675,2023-02-15 08:34,,
398521,UN2244,676,2023-02-15 08:34,2023-08-30 03:45,2023-08-30 03:45
398522,UN0720,677,2023-02-15 08:34,2024-01-24 03:33,2024-01-24 03:33
398522,UN0721,678,2023-02-15 08:34,2024-01-24 03:33,2024-01-24 03:33
398523,UN0710,679,2023-02-15 08:34,2024-01-24 03:33,2024-01-24 03:33
398523,UN0711,680,2023-02-15 08:34,2024-01-24 03:33,2024-01-24 03:33
398524,UN0724,681,2023-02-15 08:34,2023-02-17 05:42,2023-02-17 05:42
398524,UN0725,682,2023-02-15 08:34,2023-02-18 08:54,2023-02-18 08:54
398525,UN2619,683,2023-02-15 08:34,,
398526,UN2320,684,2023-02-15 08:34,,
398527,UN2696,685,2023-02-15 08:34,,
398527,UN2693,686,2023-02-15 08:34,,
398527,UN2695,687,2023-02-15 08:34,2023-04-06 04:32,2023-04-06 04:32
398528,UN1401,688,2023-02-15 08:34,2023-07-21 06:46,2023-07-21 06:46
398529,UN2330,689,2023-02-15 08:34,2023-08-30 03:45,2023-08-30 03:45
398529,UN2378,690,2023-02-15 08:34,2023-08-30 03:45,2023-08-30 03:45
398563,UN0737,691,2023-02-15 08:34,2023-05-12 08:22,2023-05-12 08:22
398563,UN0738,692,2023-02-15 08:34,2023-06-22 10:29,2023-06-22 10:29
398524,UN1964,693,2023-02-17 05:42,2023-02-18 08:54,2023-02-18 08:54
399280,UN2192,694,2023-02-18 08:54,2024-01-06 04:00,2024-01-06 04:00
399280,UN1864,695,2023-02-18 08:54,2024-01-06 04:00,2024-01-06 04:00
399280,UN1865,696,2023-02-18 08:54,2024-01-06 04:00,2024-01-06 04:00
399290,UN2357,697,2023-02-18 08:54,2023-09-07 15:01,2023-09-07 15:01
399290,UN2361,698,2023-02-18 08:54,2023-09-07 15:01,2023-09-07 15:01
399290,UN2362,699,2023-02-18 08:54,2023-09-07 15:01,2023-09-07 15:01
399290,UN2363,700,2023-02-18 08:54,2023-09-07 15:01,2023-09-07 15:01
399290,UN2364,701,2023-02-18 08:54,2023-09-07 15:01,2023-09-07 15:01
399293,UN2853,702,2023-02-18 08:54,2023-06-27 09:43,2023-06-27 09:43
399292,UN2855,703,2023-02-18 08:54,2023-06-27 09:43,2023-06-27 09:43
399294,UN2250,704,2023-02-18 08:54,,
399295,UN0601,705,2023-02-18 08:54,2023-07-04 08:37,2023-07-04 08:37
399296,UN2620,706,2023-02-18 08:54,,
399296,UN2621,707,2023-02-18 08:54,,
399297,UN1822,708,2023-02-18 08:54,2023-10-13 02:38,2023-10-13 02:38
399297,UN1823,709,2023-02-18 08:54,2023-10-13 02:38,2023-10-13 02:38
399297,UN1824,710,2023-02-18 08:54,2023-10-13 02:38,2023-10-13 02:38
399297,UN1825,711,2023-02-18 08:54,2023-10-13 02:38,2023-10-13 02:38
399297,UN1826,712,2023-02-18 08:54,2023-10-13 02:38,2023-10-13 02:38
399298,UN1822,713,2023-02-18 08:54,2023-10-13 02:38,2023-10-13 02:38
399298,UN1823,714,2023-02-18 08:54,2023-10-13 02:38,2023-10-13 02:38
399298,UN1824,715,2023-02-18 08:54,2023-10-13 02:38,2023-10-13 02:38
399298,UN1825,716,2023-02-18 08:54,2023-10-13 02:38,2023-10-13 02:38
399516,UN1826,717,2023-02-18 08:54,2023-10-13 02:38,2023-10-13 02:38
399517,UN1964,718,2023-02-18 08:54,2024-01-24 03:33,2024-01-24 03:33
399299,UN0726,719,2023-02-18 08:54,2024-01-24 03:33,2024-01-24 03:33
399517,UN0725,720,2023-02-18 08:54,2024-01-24 03:33,2024-01-24 03:33
399303,UN1293,721,2023-02-18 08:54,,
399304,UN2846,722,2023-02-18 08:54,,
399305,UN0671,723,2023-02-18 08:54,,
399306,UN0672,724,2023-02-18 08:54,,
399307,UN2400,725,2023-02-18 08:54,,
399308,UN2163,726,2023-02-18 08:54,2023-08-30 03:45,2023-08-30 03:45
399309,UN2806,727,2023-02-18 08:55,,
399311,UN1228,728,2023-02-18 08:55,2024-02-09 09:03,2024-02-09 09:03
399313,UN1230,729,2023-02-18 08:55,,
399314,UN1254,730,2023-02-18 08:55,2023-12-24 09:15,2023-12-24 09:15
399315,UN1295,731,2023-02-18 08:55,2023-06-12 10:05,2023-06-12 10:05
399316,UN1336,732,2023-02-18 08:55,2024-03-28 02:32,2024-03-28 02:32
399316,UN1337,733,2023-02-18 08:55,2024-03-28 02:32,2024-03-28 02:32
399317,UN2380,734,2023-02-18 08:55,2023-08-30 03:45,2023-08-30 03:45
399509,UN2548,735,2023-02-18 08:55,2023-06-23 09:48,2023-06-23 09:48
399737,UN0752,736,2023-02-20 03:52,2023-03-16 03:45,2023-03-16 03:45
397405,UN0749,737,2023-02-20 03:52,2023-03-16 03:45,2023-03-16 03:45
399737,UN0753,738,2023-02-20 03:52,2023-03-16 03:45,2023-03-16 03:45
399291,UN2153,739,2023-02-20 03:52,2023-08-31 05:37,2023-08-31 05:37
399291,UN2160,740,2023-02-20 03:52,2023-08-31 05:37,2023-08-31 05:37
400077,UN2566,741,2023-02-22 09:13,,
400078,UN2739,742,2023-02-22 09:13,2023-11-21 10:20,2023-11-21 10:20
400078,UN2737,743,2023-02-22 09:13,2023-11-21 10:20,2023-11-21 10:20
400077,UN2738,744,2023-02-22 09:13,2023-11-21 10:20,2023-11-21 10:20
400077,UN2736,745,2023-02-22 09:13,,
400077,UN2735,746,2023-02-22 09:13,,
399830,UN1722,747,2023-02-22 09:13,2023-07-24 10:24,2023-07-24 10:24
399830,UN1724,748,2023-02-22 09:13,2023-07-24 10:24,2023-07-24 10:24
399833,UN1949,749,2023-02-22 09:13,2023-06-21 10:32,2023-06-21 10:32
399831,UN1946,750,2023-02-22 09:13,2023-06-21 10:32,2023-06-21 10:32
399832,UN1949,751,2023-02-22 09:13,2023-06-21 10:32,2023-06-21 10:32
399833,UN1944,752,2023-02-22 09:13,2023-06-21 10:32,2023-06-21 10:32
399833,UN1945,753,2023-02-22 09:13,2023-06-21 10:32,2023-06-21 10:32
399833,UN1946,754,2023-02-22 09:13,2023-06-21 10:32,2023-06-21 10:32
399833,UN1947,755,2023-02-22 09:13,2023-06-21 10:32,2023-06-21 10:32
399833,UN1948,756,2023-02-22 09:13,2023-06-21 10:32,2023-06-21 10:32
399834,UN2471,757,2023-02-22 09:13,2023-07-19 09:19,2023-07-19 09:19
399835,UN2540,758,2023-02-22 09:13,,
399837,UN2123,759,2023-02-22 09:13,2023-08-30 03:45,2023-08-30 03:45
391682,UN2642,760,2023-02-27 09:43,,
391682,UN2643,761,2023-02-27 09:43,,
391682,UN2644,762,2023-02-27 09:43,,
391682,UN2645,763,2023-02-27 09:43,,
401383,UN2642,764,2023-02-27 09:43,,
401383,UN2643,765,2023-02-27 09:43,,
401383,UN2644,766,2023-02-27 09:43,,
401383,UN2645,767,2023-02-27 09:43,,
381230,UN2886,768,2023-03-02 05:17,2023-08-24 14:33,2023-08-24 14:33
402332,UN0156,769,2023-03-02 06:45,2023-08-22 08:08,2023-08-22 08:08
402332,UN0155,770,2023-03-02 06:45,2023-08-22 08:08,2023-08-22 08:08
402332,UN0161,771,2023-03-02 06:45,2023-08-22 08:08,2023-08-22 08:08
402332,UN0153,772,2023-03-02 06:45,2023-08-22 08:08,2023-08-22 08:08
402332,UN0154,773,2023-03-02 06:45,2023-08-22 08:08,2023-08-22 08:08
402332,UN0162,774,2023-03-02 06:45,2023-08-22 08:08,2023-08-22 08:08
403801,UN2884,775,2023-03-09 07:02,,
405586,UN0752,776,2023-03-16 03:45,2024-03-24 01:27,2024-03-24 01:27
405584,UN0742,777,2023-03-16 03:45,2024-03-24 01:27,2024-03-24 01:27
405586,UN0753,778,2023-03-16 03:45,2024-03-24 01:27,2024-03-24 01:27
405584,UN0740,779,2023-03-16 03:45,2024-03-24 01:27,2024-03-24 01:27
405587,UN0747,780,2023-03-16 03:45,2024-03-24 01:27,2024-03-24 01:27
405587,UN0748,781,2023-03-16 03:45,2024-03-24 01:27,2024-03-24 01:27
405587,UN0743,782,2023-03-16 03:45,2024-03-24 01:27,2024-03-24 01:27
405584,UN0737,783,2023-03-16 03:45,2024-03-24 01:27,2024-03-24 01:27
405587,UN0749,784,2023-03-16 03:45,2024-03-24 01:27,2024-03-24 01:27
405584,UN0732,785,2023-03-16 03:45,2024-03-24 01:27,2024-03-24 01:27
405584,UN0746,786,2023-03-16 03:45,2024-03-24 01:27,2024-03-24 01:27
405584,UN0744,787,2023-03-16 03:45,2024-03-24 01:27,2024-03-24 01:27
405583,UN2452,788,2023-03-16 03:45,2024-03-24 01:27,2024-03-24 01:27
405583,UN2448,789,2023-03-16 03:45,2024-03-24 01:27,2024-03-24 01:27
405583,UN2449,790,2023-03-16 03:45,2024-03-24 01:27,2024-03-24 01:27
405583,UN2446,791,2023-03-16 03:45,2024-03-24 01:27,2024-03-24 01:27
405584,UN0734,792,2023-03-16 03:45,2024-03-24 01:27,2024-03-24 01:27
405587,UN0741,793,2023-03-16 03:45,2024-03-24 01:27,2024-03-24 01:27
394911,UN2887,794,2023-03-16 05:58,,
405587,UN0731,795,2023-03-16 09:04,2024-03-24 01:27,2024-03-24 01:27
406732,UN1010,796,2023-03-20 03:12,,
406053,UN2888,797,2023-03-20 03:12,,
398527,UN2694,798,2023-04-06 04:32,,
411420,UN2891,799,2023-04-06 04:32,,
411609,UN2230,800,2023-04-07 02:55,2023-11-08 07:05,2023-11-08 07:05
411609,UN2219,801,2023-04-07 02:55,2023-11-08 07:05,2023-11-08 07:05
411604,UN2230,802,2023-04-07 02:55,2023-11-08 07:05,2023-11-08 07:05
411604,UN2230,803,2023-04-07 02:55,2023-07-20 09:10,2023-07-20 09:10
411604,UN2219,804,2023-04-07 02:55,2023-11-08 07:05,2023-11-08 07:05
411899,UN2892,805,2023-04-07 02:55,2023-08-22 08:08,2023-08-22 08:08
413945,UN2898,806,2023-04-19 07:05,2023-09-15 10:57,2023-09-15 10:57
413945,UN2899,807,2023-04-19 07:05,2023-09-15 10:57,2023-09-15 10:57
413945,UN2897,808,2023-04-19 07:05,2023-09-15 10:57,2023-09-15 10:57
413945,UN2900,809,2023-04-19 07:05,2023-09-15 10:57,2023-09-15 10:57
413945,UN2895,810,2023-04-19 07:05,2023-09-15 10:57,2023-09-15 10:57
413945,UN2894,811,2023-04-19 07:05,2023-09-15 10:57,2023-09-15 10:57
413945,UN2896,812,2023-04-19 07:05,2023-09-15 10:57,2023-09-15 10:57
413945,UN2901,813,2023-04-19 07:05,2023-09-15 10:57,2023-09-15 10:57
393207,UN2902,814,2023-04-19 16:13,,
393208,UN2902,815,2023-04-19 16:13,,
393208,UN2903,816,2023-04-19 16:13,,
393209,UN2903,817,2023-04-19 16:13,,
414402,UN2908,818,2023-04-22 13:52,,
414672,UN2910,819,2023-04-22 13:52,2023-08-30 07:56,2023-08-30 07:56
415122,UN2911,820,2023-04-25 08:29,,
415268,UN2909,821,2023-04-25 08:29,2023-08-30 07:56,2023-08-30 07:56
415281,UN2912,822,2023-04-25 08:29,,
415814,UN2864,823,2023-04-27 09:16,2023-10-08 07:47,2023-10-08 07:47
415814,UN2866,824,2023-04-27 09:16,2023-10-08 07:47,2023-10-08 07:47
415814,UN2865,825,2023-04-27 09:16,2023-10-08 07:47,2023-10-08 07:47
415814,UN2863,826,2023-04-27 09:16,2023-10-08 07:47,2023-10-08 07:47
416992,UN2308,827,2023-05-04 04:56,2023-11-08 07:05,2023-11-08 07:05
416992,UN2307,828,2023-05-04 04:56,2023-11-08 07:05,2023-11-08 07:05
416992,UN2296,829,2023-05-04 04:56,2023-11-08 07:05,2023-11-08 07:05
416992,UN2306,830,2023-05-04 04:56,2023-11-08 07:05,2023-11-08 07:05
393187,UN2296,831,2023-05-04 04:56,2023-11-08 07:05,2023-11-08 07:05
417019,UN1828,832,2023-05-04 07:40,2023-09-29 03:29,2023-09-29 03:29
417019,UN1829,833,2023-05-04 07:40,2023-09-29 03:29,2023-09-29 03:29
417019,UN1827,834,2023-05-04 07:40,2023-09-29 03:29,2023-09-29 03:29
398513,UN0228,835,2023-05-04 07:40,2024-01-20 06:02,2024-01-20 06:02
417026,UN2796,836,2023-05-04 08:19,2023-06-19 10:40,2023-06-19 10:40
417031,UN2741,837,2023-05-04 08:58,,
417031,UN2740,838,2023-05-04 08:58,,
417031,UN2737,839,2023-05-04 08:58,2023-12-07 01:15,2023-12-07 01:15
417031,UN2736,840,2023-05-04 08:58,,
417031,UN2735,841,2023-05-04 08:58,,
417040,UN1173,842,2023-05-04 10:42,,
417040,UN1172,843,2023-05-04 10:42,,
417040,UN1170,844,2023-05-04 10:42,,
417040,UN1169,845,2023-05-04 10:42,,
394915,UN0370,846,2023-05-05 06:37,2023-05-28 07:01,2023-05-28 07:01
394915,UN0371,847,2023-05-05 06:37,2023-05-28 07:01,2023-05-28 07:01
397165,UN0366,848,2023-05-05 06:37,,
397165,UN0367,849,2023-05-05 06:37,,
394914,UN0371,850,2023-05-05 06:37,2023-05-22 18:45,2023-05-22 18:45
394914,UN0370,851,2023-05-05 06:37,2023-05-22 18:45,2023-05-22 18:45
394913,UN0375,852,2023-05-05 06:37,2023-05-22 18:45,2023-05-22 18:45
394913,UN0374,853,2023-05-05 06:37,2023-05-22 18:45,2023-05-22 18:45
394913,UN0373,854,2023-05-05 06:37,2023-05-22 18:45,2023-05-22 18:45
394913,UN0372,855,2023-05-05 06:37,2023-05-22 18:45,2023-05-22 18:45
417103,UN2913,856,2023-05-05 06:37,2023-05-05 06:37,2024-01-02 05:39
417770,UN2914,857,2023-05-10 06:00,,
418293,UN2915,858,2023-05-10 06:00,2023-05-18 10:05,2023-05-18 10:05
418473,UN2450,859,2023-05-12 04:14,2024-03-24 01:27,2024-03-24 01:27
418563,UN2916,860,2023-05-12 04:14,,
418563,UN2917,861,2023-05-12 04:14,,
398563,UN0739,862,2023-05-12 08:22,2023-06-22 10:29,2023-06-22 10:29
420040,UN2921,863,2023-05-18 10:05,,
420951,UN0376,864,2023-05-22 18:45,2023-09-02 04:53,2023-09-02 04:53
420951,UN0377,865,2023-05-22 18:45,2023-09-02 04:53,2023-09-02 04:53
420950,UN0371,866,2023-05-22 18:45,2023-09-02 04:53,2023-09-02 04:53
420950,UN0370,867,2023-05-22 18:45,2023-09-02 04:53,2023-09-02 04:53
394914,UN0372,868,2023-05-22 18:45,,
394914,UN0374,869,2023-05-22 18:45,,
394914,UN0375,870,2023-05-22 18:45,,
394914,UN0373,871,2023-05-22 18:45,,
394915,UN0369,872,2023-05-28 07:01,,
394915,UN0366,873,2023-05-28 07:01,,
396232,UN2450,874,2023-05-28 07:01,2023-06-22 10:29,2023-06-22 10:29
396232,UN2451,875,2023-05-28 07:01,2023-06-22 10:29,2023-06-22 10:29
421890,UN2922,876,2023-05-28 07:01,2023-06-07 04:21,2023-06-07 04:21
397685,UN2927,877,2023-05-29 09:08,2023-05-30 01:43,2023-05-30 01:43
397685,UN2928,878,2023-05-29 09:08,2024-01-24 03:33,2024-01-24 03:33
397685,UN2929,879,2023-05-29 09:08,2024-01-24 03:33,2024-01-24 03:33
397685,UN2930,880,2023-05-29 09:08,2024-01-24 03:33,2024-01-24 03:33
397685,UN2926,881,2023-05-29 09:08,2024-01-24 03:33,2024-01-24 03:33
397685,UN2923,882,2023-05-29 09:08,2024-01-24 03:33,2024-01-24 03:33
397684,UN2925,883,2023-05-29 09:08,2024-01-24 03:33,2024-01-24 03:33
397684,UN2924,884,2023-05-29 09:08,2024-01-24 03:33,2024-01-24 03:33
399517,UN2933,885,2023-05-29 09:08,2024-01-24 03:33,2024-01-24 03:33
399299,UN2932,886,2023-05-29 09:08,2024-01-24 03:33,2024-01-24 03:33
423787,UN2051,887,2023-06-03 05:12,2024-02-11 09:56,2024-02-11 09:56
424242,UN2255,888,2023-06-06 09:26,,
424242,UN2256,889,2023-06-06 09:26,2023-10-06 03:55,2023-10-06 03:55
423969,UN2934,890,2023-06-06 09:26,2024-04-18 08:18,2024-04-18 08:18
424571,UN2922,891,2023-06-07 04:21,,
425903,UN1295,892,2023-06-12 10:05,,
426197,UN2935,893,2023-06-14 09:48,,
426979,UN2937,894,2023-06-15 06:36,,
426979,UN2938,895,2023-06-15 06:36,,
426986,UN2936,896,2023-06-15 07:03,,
417026,UN2801,897,2023-06-19 10:40,2023-09-02 04:53,2023-09-02 04:53
417026,UN2802,898,2023-06-19 10:40,2023-09-02 04:53,2023-09-02 04:53
417026,UN2803,899,2023-06-19 10:40,2023-09-02 04:53,2023-09-02 04:53
417026,UN2804,900,2023-06-19 10:40,2023-09-02 04:53,2023-09-02 04:53
417026,UN2805,901,2023-06-19 10:40,2023-09-02 04:53,2023-09-02 04:53
393191,UN2807,902,2023-06-19 10:40,,
423204,UN2941,903,2023-06-20 05:57,,
423204,UN2942,904,2023-06-20 06:33,,
428382,UN1949,905,2023-06-21 10:32,,
428382,UN1948,906,2023-06-21 10:32,,
428382,UN1947,907,2023-06-21 10:32,,
428382,UN1946,908,2023-06-21 10:32,,
428382,UN1944,909,2023-06-21 10:32,,
428382,UN1945,910,2023-06-21 10:32,,
428380,UN1946,911,2023-06-21 10:32,,
428381,UN1949,912,2023-06-21 10:32,,
426979,UN2940,913,2023-06-22 02:55,,
428543,UN2943,914,2023-06-22 05:21,,
428586,UN2451,915,2023-06-22 10:29,2024-03-24 01:27,2024-03-24 01:27
428587,UN0733,916,2023-06-22 10:29,2024-03-24 01:27,2024-03-24 01:27
428587,UN0738,917,2023-06-22 10:29,2024-03-24 01:27,2024-03-24 01:27
428587,UN0745,918,2023-06-22 10:29,2024-03-24 01:27,2024-03-24 01:27
428586,UN2450,920,2023-06-22 10:29,2024-03-24 01:27,2024-03-24 01:27
428586,UN2447,921,2023-06-22 10:29,2024-03-24 01:27,2024-03-24 01:27
428585,UN0738,922,2023-06-22 10:29,2024-03-24 01:27,2024-03-24 01:27
428585,UN0739,923,2023-06-22 10:29,2024-03-24 01:27,2024-03-24 01:27
428650,UN2939,924,2023-06-22 14:23,,
398514,UN0224,925,2023-06-23 04:45,2024-01-20 06:02,2024-01-20 06:02
428820,UN2548,926,2023-06-23 09:48,,
429565,UN2939,927,2023-06-27 06:40,,
429565,UN2937,928,2023-06-27 06:40,,
429565,UN2938,929,2023-06-27 06:40,,
429565,UN2940,930,2023-06-27 06:40,,
429575,UN2944,931,2023-06-27 08:05,,
429592,UN2853,932,2023-06-27 09:43,,
429591,UN2855,933,2023-06-27 09:43,,
430441,UN2855,934,2023-07-01 07:26,,
430441,UN2853,935,2023-07-01 07:26,,
430441,UN2854,936,2023-07-01 07:26,,
430441,UN2856,937,2023-07-01 07:26,,
430891,UN2959,938,2023-07-03 10:50,2023-07-04 06:57,2023-07-04 06:57
430891,UN2958,939,2023-07-03 10:50,2023-07-04 06:57,2023-07-04 06:57
430891,UN2957,940,2023-07-03 10:50,2023-07-04 06:57,2023-07-04 06:57
430891,UN2956,941,2023-07-03 10:50,2023-07-04 06:57,2023-07-04 06:57
430891,UN2955,942,2023-07-03 10:50,2023-07-04 06:57,2023-07-04 06:57
430891,UN2954,943,2023-07-03 10:50,2023-07-04 06:57,2023-07-04 06:57
430873,UN2961,944,2023-07-03 10:50,,
430873,UN2958,945,2023-07-03 10:50,,
430873,UN2959,946,2023-07-03 10:50,,
430873,UN2957,947,2023-07-03 10:50,,
430873,UN2956,948,2023-07-03 10:50,,
430873,UN2955,949,2023-07-03 10:50,,
430873,UN2954,950,2023-07-03 10:50,,
430891,UN2960,951,2023-07-03 10:50,2023-07-04 06:57,2023-07-04 06:57
430873,UN2960,952,2023-07-03 10:50,,
430891,UN2961,953,2023-07-03 10:50,2023-07-04 06:57,2023-07-04 06:57
431097,UN2962,954,2023-07-04 07:16,2023-07-04 08:49,2023-07-04 08:49
431114,UN0601,955,2023-07-04 08:37,,
431097,UN2959,956,2023-07-04 08:49,,
431097,UN2958,957,2023-07-04 08:49,,
431097,UN2957,958,2023-07-04 08:49,,
431097,UN2956,959,2023-07-04 08:49,,
431097,UN2955,960,2023-07-04 08:49,,
431097,UN2954,961,2023-07-04 08:49,,
431097,UN2960,962,2023-07-04 08:49,,
431097,UN2961,963,2023-07-04 08:49,,
431875,UN1540,964,2023-07-07 02:46,,
431874,UN1539,965,2023-07-07 02:46,,
431708,UN2963,966,2023-07-07 02:46,,
431708,UN2942,967,2023-07-07 02:46,,
431708,UN2941,968,2023-07-07 02:46,,
423204,UN2965,969,2023-07-07 02:46,,
423204,UN2964,970,2023-07-07 02:46,,
423204,UN2963,971,2023-07-07 02:46,,
432720,UN2914,972,2023-07-11 08:42,,
432720,UN2916,973,2023-07-11 08:42,,
432720,UN2917,974,2023-07-11 08:42,,
432921,UN2966,975,2023-07-12 07:45,,
432924,UN2967,976,2023-07-12 08:06,,
432934,UN2977,977,2023-07-12 09:03,,
432934,UN2970,978,2023-07-12 09:03,,
432934,UN2971,979,2023-07-12 09:03,,
432934,UN2973,980,2023-07-12 09:03,,
432934,UN2974,981,2023-07-12 09:03,,
432934,UN2975,982,2023-07-12 09:03,,
432934,UN2976,983,2023-07-12 09:03,,
432934,UN2978,984,2023-07-12 09:03,,
432934,UN2969,985,2023-07-12 09:03,,
432934,UN2980,986,2023-07-12 09:03,,
432934,UN2981,987,2023-07-12 09:03,,
432934,UN2982,988,2023-07-12 09:03,,
432934,UN2983,989,2023-07-12 09:03,,
432934,UN2984,990,2023-07-12 09:03,,
432934,UN2985,991,2023-07-12 09:03,,
432934,UN2986,992,2023-07-12 09:03,,
432934,UN2979,993,2023-07-12 09:03,,
432934,UN2968,994,2023-07-12 09:03,,
432934,UN2987,995,2023-07-12 09:03,,
432934,UN2972,996,2023-07-12 09:20,,
433186,UN2985,997,2023-07-13 07:00,,
433186,UN2984,998,2023-07-13 07:00,,
433186,UN2983,999,2023-07-13 07:00,,
433186,UN2982,1000,2023-07-13 07:00,,
433186,UN2979,1001,2023-07-13 07:00,,
433186,UN2981,1002,2023-07-13 07:00,,
433186,UN2980,1003,2023-07-13 07:00,,
433186,UN2978,1004,2023-07-13 07:00,,
433186,UN2970,1005,2023-07-13 07:00,,
433186,UN2977,1006,2023-07-13 07:00,2023-07-26 20:11,2023-07-26 20:11
433186,UN2976,1007,2023-07-13 07:00,,
433186,UN2975,1008,2023-07-13 07:00,,
433186,UN2974,1009,2023-07-13 07:00,,
433186,UN2973,1010,2023-07-13 07:00,,
433186,UN2972,1011,2023-07-13 07:00,,
433186,UN2971,1012,2023-07-13 07:00,,
433186,UN2986,1013,2023-07-13 07:00,,
433186,UN2977,1014,2023-07-13 07:00,,
433186,UN2987,1015,2023-07-13 07:00,,
433186,UN2969,1016,2023-07-13 07:00,,
433186,UN2968,1017,2023-07-13 07:00,,
433408,UN2916,1018,2023-07-14 05:15,,
433408,UN2917,1019,2023-07-14 05:15,,
433614,UN2988,1020,2023-07-15 08:31,2023-08-01 06:10,2023-08-01 06:10
433670,UN2988,1021,2023-07-15 16:31,2023-07-27 08:35,2023-07-27 08:35
433820,UN2953,1022,2023-07-17 04:51,,
433820,UN2952,1023,2023-07-17 04:51,,
433820,UN2950,1024,2023-07-17 04:51,,
433820,UN2951,1025,2023-07-17 04:51,,
397665,UN2913,1026,2023-07-17 06:54,,
417031,UN2738,1027,2023-07-19 09:19,2023-12-07 01:15,2023-12-07 01:15
417031,UN2566,1028,2023-07-19 09:19,2023-07-19 09:19,2024-04-20 07:23
417031,UN2739,1029,2023-07-19 09:19,2023-12-07 01:15,2023-12-07 01:15
417031,UN2742,1030,2023-07-19 09:19,2023-07-19 09:19,2024-04-20 07:23
417031,UN2820,1031,2023-07-19 09:19,2023-07-19 09:19,2024-04-20 07:23
434365,UN2471,1032,2023-07-19 09:19,,
434599,UN2989,1033,2023-07-20 08:48,2023-08-09 03:56,2023-08-09 03:56
411604,UN2232,1034,2023-07-20 09:09,2023-11-08 07:05,2023-11-08 07:05
434668,UN2948,1035,2023-07-20 14:46,,
434668,UN2947,1036,2023-07-20 14:46,,
434668,UN2946,1037,2023-07-20 14:46,,
434668,UN2945,1038,2023-07-20 14:46,2023-08-09 03:56,2023-08-09 03:56
434758,UN1401,1039,2023-07-21 06:47,,
434892,UN2491,1040,2023-07-22 05:32,2023-11-08 07:05,2023-11-08 07:05
434892,UN2490,1041,2023-07-22 05:32,2023-11-08 07:05,2023-11-08 07:05
434892,UN2492,1042,2023-07-22 05:32,2023-11-08 07:05,2023-11-08 07:05
434895,UN1977,1043,2023-07-22 07:48,,
434895,UN1970,1044,2023-07-22 07:48,,
434895,UN1974,1045,2023-07-22 07:48,,
434895,UN1975,1046,2023-07-22 07:48,,
434895,UN1976,1047,2023-07-22 07:48,,
434923,UN1722,1048,2023-07-22 14:36,,
434923,UN2371,1049,2023-07-22 14:36,,
434923,UN1730,1050,2023-07-22 14:36,,
434923,UN1729,1051,2023-07-22 14:36,,
434923,UN1724,1052,2023-07-22 14:36,,
434923,UN2377,1053,2023-07-22 14:36,,
435068,UN2951,1054,2023-07-24 07:33,,
435068,UN2953,1055,2023-07-24 07:33,,
435068,UN2952,1056,2023-07-24 07:33,,
435068,UN2950,1057,2023-07-24 07:33,,
435112,UN1724,1058,2023-07-24 10:24,,
435112,UN1722,1059,2023-07-24 10:24,,
433670,UN2988,1060,2023-07-28 02:53,2023-07-31 05:12,2023-07-31 05:12
435778,UN2496,1061,2023-07-28 07:11,,
435778,UN2497,1062,2023-07-28 07:11,,
435778,UN2494,1063,2023-07-28 07:11,,
435778,UN2499,1064,2023-07-28 07:11,,
435778,UN2498,1065,2023-07-28 07:11,,
435778,UN2493,1066,2023-07-28 07:11,,
435778,UN2495,1067,2023-07-28 07:11,,
435784,UN0680,1068,2023-07-28 09:10,,
435784,UN0679,1069,2023-07-28 09:10,,
435784,UN0678,1070,2023-07-28 09:10,,
435784,UN0677,1071,2023-07-28 09:10,,
435987,UN2849,1072,2023-07-30 08:44,,
435987,UN2847,1073,2023-07-30 08:44,,
435987,UN2848,1074,2023-07-30 08:44,,
435987,UN2850,1075,2023-07-30 08:44,,
433670,UN2988,1076,2023-07-31 05:15,2023-10-13 02:38,2023-10-13 02:38
436733,UN1135,1077,2023-08-03 04:56,,
436733,UN1136,1078,2023-08-03 04:56,,
437052,UN2662,1079,2023-08-04 09:14,,
437052,UN2661,1080,2023-08-04 09:14,,
437052,UN2660,1081,2023-08-04 09:14,,
437052,UN2659,1082,2023-08-04 09:14,,
436990,UN2990,1083,2023-08-05 03:47,,
437431,UN2854,1084,2023-08-07 07:56,2024-02-21 11:53,2024-02-21 11:53
438430,UN2992,1085,2023-08-11 05:15,,
438430,UN2993,1086,2023-08-11 05:15,,
438430,UN2991,1087,2023-08-11 05:15,,
438430,UN2994,1088,2023-08-11 05:15,,
438956,UN2995,1089,2023-08-15 07:43,,
440105,UN2996,1090,2023-08-24 14:33,,
440653,UN2997,1091,2023-08-28 07:29,,
441267,UN2153,1092,2023-08-31 05:37,,
441267,UN2160,1093,2023-08-31 05:37,,
441324,UN2947,1094,2023-08-31 07:57,,
441324,UN2946,1095,2023-08-31 07:57,,
441324,UN2948,1096,2023-08-31 07:57,,
441616,UN1169,1097,2023-09-01 06:37,,
441616,UN1170,1098,2023-09-01 06:37,,
441730,UN2257,1099,2023-09-02 04:53,,
441730,UN2260,1100,2023-09-02 04:53,,
441736,UN2603,1101,2023-09-02 04:53,,
441736,UN2602,1102,2023-09-02 04:53,,
441736,UN2599,1103,2023-09-02 04:53,,
441736,UN2913,1104,2023-09-02 04:53,,
441740,UN2127,1105,2023-09-02 06:22,,
441740,UN2126,1106,2023-09-02 06:22,,
441740,UN2125,1107,2023-09-02 06:22,,
441740,UN2124,1108,2023-09-02 06:22,,
442255,UN3002,1109,2023-09-06 07:30,,
442255,UN3001,1110,2023-09-06 07:30,,
442255,UN2967,1111,2023-09-06 07:30,,
442255,UN3003,1112,2023-09-06 07:30,,
432924,UN3001,1113,2023-09-06 07:30,,
432924,UN3002,1114,2023-09-06 07:30,,
432924,UN3003,1115,2023-09-06 07:30,,
441585,UN3006,1116,2023-09-07 11:25,2023-12-24 09:15,2023-12-24 09:15
441585,UN3007,1117,2023-09-07 11:25,2023-12-24 09:15,2023-12-24 09:15
441585,UN3008,1118,2023-09-07 11:25,2023-12-24 09:15,2023-12-24 09:15
441585,UN3009,1119,2023-09-07 11:25,2023-12-24 09:15,2023-12-24 09:15
442496,UN2357,1120,2023-09-07 15:01,2024-02-09 09:03,2024-02-09 09:03
442496,UN2361,1121,2023-09-07 15:01,2024-02-09 09:03,2024-02-09 09:03
442496,UN2362,1122,2023-09-07 15:01,2024-02-09 09:03,2024-02-09 09:03
442496,UN2363,1123,2023-09-07 15:01,2024-02-09 09:03,2024-02-09 09:03
442496,UN2364,1124,2023-09-07 15:01,2024-02-09 09:03,2024-02-09 09:03
442568,UN3012,1125,2023-09-08 05:58,2023-12-24 09:15,2023-12-24 09:15
442568,UN3013,1126,2023-09-08 05:58,2023-12-24 09:15,2023-12-24 09:15
442568,UN3014,1127,2023-09-08 05:58,2023-12-24 09:15,2023-12-24 09:15
442568,UN3015,1128,2023-09-08 05:58,2023-12-24 09:15,2023-12-24 09:15
442584,UN3010,1129,2023-09-08 06:44,2023-12-24 09:15,2023-12-24 09:15
442584,UN3011,1130,2023-09-08 06:44,2023-12-24 09:15,2023-12-24 09:15
443595,UN2358,1131,2023-09-15 10:57,2024-02-09 09:03,2024-02-09 09:03
443595,UN2359,1132,2023-09-15 10:57,2024-02-09 09:03,2024-02-09 09:03
443739,UN1395,1133,2023-09-17 03:29,,
443739,UN1396,1134,2023-09-17 03:29,,
443844,UN3016,1135,2023-09-17 03:29,2023-12-13 04:20,2023-12-13 04:20
443865,UN3017,1136,2023-09-17 05:52,2023-09-26 06:10,2023-09-26 06:10
445141,UN3017,1137,2023-09-26 06:10,2023-12-13 04:20,2023-12-13 04:20
445143,UN3019,1138,2023-09-26 06:10,2023-10-03 14:44,2023-10-03 14:44
445767,UN3020,1139,2023-09-29 03:29,,2024-03-30 10:15
446962,UN3022,1140,2023-10-03 06:10,,
447053,UN3019,1141,2023-10-03 14:44,2023-12-13 04:20,2023-12-13 04:20
393194,UN2256,1142,2023-10-06 03:55,,
397679,UN3024,1143,2023-10-07 04:13,,
397679,UN3025,1144,2023-10-07 04:13,,
397680,UN3023,1145,2023-10-07 04:13,,
448188,UN3026,1146,2023-10-08 07:47,,
449632,UN3027,1147,2023-10-15 09:19,2024-04-18 08:18,2024-04-18 08:18
450699,UN3028,1148,2023-10-19 15:17,,
453432,UN3029,1149,2023-11-03 05:59,,
434668,UN3030,1150,2023-11-08 07:05,,
454862,UN3031,1151,2023-11-12 07:54,,
455439,UN3032,1152,2023-11-15 04:31,,
456279,UN3033,1153,2023-11-19 06:18,2024-04-19 07:22,2024-04-22 04:17
400077,UN3034,1154,2023-11-21 10:20,,
400078,UN3035,1155,2023-11-21 10:20,,
400078,UN3036,1156,2023-11-21 10:20,,
396432,UN3037,1157,2023-11-26 04:59,2024-05-15 04:24,2024-05-15 04:24
458994,UN3038,1158,2023-11-30 06:45,,
459246,UN3039,1159,2023-12-01 04:32,,
459252,UN3040,1160,2023-12-01 08:14,,
417031,UN3034,1161,2023-12-07 01:15,2023-07-19 09:19,2024-04-20 07:23
417031,UN3035,1162,2023-12-07 01:15,,
417031,UN3036,1163,2023-12-07 01:15,2023-07-19 09:19,2024-04-20 07:24
460308,UN3044,1164,2023-12-07 01:19,,
460308,UN3045,1165,2023-12-07 01:19,,
460308,UN3046,1166,2023-12-07 01:19,,
460308,UN3047,1167,2023-12-07 01:19,,
460308,UN3048,1168,2023-12-07 01:19,,
461335,UN3049,1169,2023-12-13 04:20,2024-04-06 04:24,2024-04-06 04:24
461403,UN3050,1170,2023-12-13 04:20,2024-04-06 04:24,2024-04-06 04:24
461403,UN3051,1171,2023-12-13 04:35,2024-01-06 04:00,2024-01-06 04:00
461653,UN3044,1172,2023-12-13 07:35,,
461653,UN3045,1173,2023-12-13 07:35,,
461653,UN3046,1174,2023-12-13 07:35,,
461653,UN3047,1175,2023-12-13 07:35,,
461653,UN3048,1176,2023-12-13 07:35,,
462217,UN3052,1177,2023-12-17 05:44,,
462285,UN2852,1178,2023-12-18 03:00,,
462285,UN2887,1179,2023-12-18 03:00,,
463635,UN3053,1180,2023-12-24 09:15,,
441585,UN3006,1181,2023-12-27 06:49,,
441585,UN3007,1182,2023-12-27 06:49,,
441585,UN3008,1183,2023-12-27 06:49,,
441585,UN3009,1184,2023-12-27 06:49,,
442568,UN3012,1185,2023-12-27 06:49,,
442568,UN3013,1186,2023-12-27 06:49,,
442568,UN3014,1187,2023-12-27 06:49,,
442568,UN3015,1188,2023-12-27 06:49,,
442584,UN3010,1189,2023-12-27 06:49,,
442584,UN3011,1190,2023-12-27 06:49,,
464417,UN2355,1191,2023-12-29 07:10,2024-05-15 04:24,2024-05-15 04:24
464417,UN3037,1192,2023-12-29 07:10,2024-05-15 04:24,2024-05-15 04:24
465747,UN3051,1193,2024-01-06 04:00,2024-04-06 04:24,2024-04-06 04:24
467260,UN3055,1194,2024-01-13 15:10,,
467262,UN3054,1195,2024-01-13 15:13,,
467511,UN3056,1196,2024-01-15 15:29,,
467511,UN3057,1197,2024-01-15 15:29,,
467511,UN3058,1198,2024-01-15 15:29,,
467511,UN3059,1199,2024-01-15 15:29,,
467511,UN3060,1200,2024-01-15 15:29,,
467511,UN3061,1201,2024-01-15 15:29,,
445767,UN3062,1202,2024-01-26 15:42,2024-01-26 15:42,2024-03-30 10:15
469941,UN3062,1203,2024-01-26 15:42,2024-01-26 15:42,2024-03-30 10:16
445767,UN3063,1204,2024-01-26 15:42,2024-01-26 15:42,2024-03-30 10:15
470007,UN3063,1205,2024-01-26 15:42,2024-01-26 15:42,2024-03-30 10:16
445767,UN3064,1206,2024-01-26 15:42,2024-01-26 15:42,2024-03-30 10:15
470009,UN3064,1207,2024-01-26 15:42,2024-01-26 15:42,2024-03-30 10:16
445767,UN3065,1208,2024-01-26 15:42,2024-01-26 15:42,2024-03-30 10:15
470010,UN3065,1209,2024-01-26 15:42,2024-01-26 15:42,2024-03-30 10:16
470089,UN3066,1210,2024-01-27 09:55,2024-02-27 01:04,2024-02-27 01:04
470100,UN3067,1211,2024-01-27 13:55,,
472447,UN3068,1212,2024-02-02 09:24,,
472447,UN3070,1213,2024-02-02 09:48,,
472447,UN3071,1214,2024-02-02 09:48,,
472846,UN2355,1215,2024-02-05 11:09,,
394916,UN3072,1216,2024-02-09 09:03,,
394916,UN3073,1217,2024-02-09 09:03,,
473073,UN3068,1218,2024-02-09 09:03,,
473073,UN3070,1219,2024-02-09 09:03,,
473073,UN3071,1220,2024-02-09 09:03,,
474008,UN3074,1221,2024-02-11 09:56,,
475544,UN3075,1222,2024-02-19 09:22,,
475544,UN3076,1223,2024-02-19 09:22,,
475544,UN3077,1224,2024-02-19 09:22,,
475544,UN3078,1225,2024-02-19 09:22,,
475544,UN3079,1226,2024-02-19 09:22,,
398516,UN2854,1227,2024-02-21 11:53,,
476371,UN3080,1228,2024-02-23 04:22,,
475730,UN2081,1229,2024-02-24 04:31,2024-04-18 08:18,2024-04-18 08:18
484257,UN3081,1230,2024-03-31 10:25,,
484334,UN3082,1231,2024-04-01 07:21,,
484339,UN3083,1232,2024-04-01 10:14,,
484341,UN3086,1233,2024-04-01 10:14,,
484344,UN3085,1234,2024-04-01 10:14,,
484346,UN3084,1235,2024-04-01 10:14,,
485580,UN3049,1236,2024-04-06 04:24,,
485580,UN3050,1237,2024-04-06 04:24,,
485580,UN3051,1238,2024-04-06 04:24,,
461335,UN3049,1239,2024-04-06 08:18,,
461403,UN3050,1240,2024-04-06 08:18,,
465747,UN3051,1241,2024-04-06 08:18,,
485715,UN3087,1242,2024-04-07 04:26,,
488211,UN3088,1243,2024-04-18 08:18,,
456279,UN3089,1244,2024-04-19 07:22,,
488549,UN3089,1245,2024-04-19 07:22,,
488550,UN3089,1246,2024-04-19 07:22,,
456279,UN3090,1247,2024-04-19 07:22,,
488549,UN3090,1248,2024-04-19 07:22,,
488550,UN3090,1249,2024-04-19 07:22,,
456279,UN3091,1250,2024-04-19 07:22,,
488549,UN3091,1251,2024-04-19 07:22,,
489035,UN3082,1252,2024-04-22 09:56,,
489035,UN3083,1253,2024-04-22 09:56,,
489035,UN3086,1254,2024-04-22 09:56,,
489035,UN3085,1255,2024-04-22 09:56,,
489035,UN3084,1256,2024-04-22 09:56,,
490859,UN3092,1257,2024-04-30 04:19,,
490859,UN3093,1258,2024-04-30 04:19,,
490859,UN3094,1259,2024-04-30 04:19,,
490859,UN3095,1260,2024-04-30 04:19,,
490859,UN3096,1261,2024-04-30 04:19,,
490859,UN3097,1262,2024-04-30 04:19,,
398519,UN3098,1263,2024-05-02 04:25,,
492249,UN3100,1264,2024-05-04 03:56,,
492256,UN3099,1265,2024-05-04 07:38,,
492257,UN3101,1266,2024-05-04 07:38,,
492258,UN3102,1267,2024-05-04 07:38,,
492768,UN3103,1268,2024-05-07 06:59,,
